ID,Edad,Genero,Ingreso,Nivel_Educativo,Horas_Internet,Ciudad,CodigoID
1,22.0,Femenino,4842.42,Secundaria,1.6,Cali,1-Cal
2,47.0,Masculino,5742.02,Posgrado,5.6,Medellín,2-Med
3,38.0,Otro,4335.12,Técnico,2.3,Villavicencio,3-Vil
4,17.0,Otro,4515.57,Tecnólogo,3.2,Bogotá,4-Bog
5,28.0,Otro,3846.49,Primaria,1.3,Pasto,5-Pas
6,55.0,Otro,5168.09,Primaria,2.2,Bogotá,6-Bog
7,6.0,Femenino,4284.59,Tecnólogo,-0.0,Villavicencio,7-Vil
8,30.0,Otro,4685.98,Posgrado,3.0,Pasto,8-Pas
9,,Femenino,4030.45,Primaria,2.8,Pasto,9-Pas
10,25.0,Masculino,4547.24,Posgrado,0.4,Barranquilla,10-Bar
11,27.0,Femenino,3419.59,Técnico,2.7,Pasto,11-Pas
12,34.0,Otro,4660.89,Posgrado,3.8,Medellín,12-Med
13,53.0,Masculino,,Posgrado,5.0,Villavicencio,13-Vil
14,27.0,Otro,5199.33,Técnico,1.6,Bogotá,14-Bog
15,30.0,Masculino,6347.45,Universitario,0.3,Villavicencio,15-Vil
16,,Femenino,5345.7,Universitario,2.8,Bogotá,16-Bog
17,61.0,Femenino,3380.08,Primaria,5.7,Pasto,17-Pas
18,61.0,Otro,4140.7,Primaria,2.5,Villavicencio,18-Vil
19,47.0,Otro,,Primaria,2.3,Barranquilla,19-Bar
20,40.0,Femenino,,Técnico,4.6,Bogotá,20-Bog
21,44.0,Otro,2725.78,Posgrado,2.4,Cali,21-Cal
22,53.0,Otro,3298.62,Secundaria,2.5,Bogotá,22-Bog
23,24.0,Masculino,5596.26,Tecnólogo,2.0,Villavicencio,23-Vil
24,49.0,Otro,5361.04,Técnico,3.2,Cali,24-Cal
25,20.0,Femenino,2979.63,Posgrado,3.0,Barranquilla,25-Bar
26,27.0,Otro,4052.56,Posgrado,3.2,Bogotá,26-Bog
27,46.0,Masculino,4963.49,Secundaria,3.2,Pasto,27-Pas
28,18.0,Masculino,4892.49,Secundaria,0.7,Bogotá,28-Bog
29,33.0,Otro,2872.83,Primaria,4.0,Pasto,29-Pas
30,25.0,Masculino,4760.01,Universitario,0.9,Pasto,30-Pas
31,32.0,Femenino,3892.15,Secundaria,2.5,Barranquilla,31-Bar
32,1.0,Femenino,5698.67,Universitario,4.9,Barranquilla,32-Bar
33,14.0,Femenino,,Primaria,3.9,Bogotá,33-Bog
34,27.0,Masculino,4859.29,Primaria,5.3,Medellín,34-Med
35,,Masculino,4390.88,Posgrado,2.3,Bogotá,35-Bog
36,33.0,Otro,5166.44,Técnico,2.2,Barranquilla,36-Bar
37,35.0,Otro,3731.93,Universitario,4.8,Barranquilla,37-Bar
38,43.0,Otro,5168.25,Universitario,3.2,Cali,38-Cal
39,24.0,Otro,5708.96,Universitario,6.1,Cali,39-Cal
40,38.0,Otro,6335.56,Primaria,1.6,Cali,40-Cal
41,25.0,Otro,6083.79,Tecnólogo,4.1,Barranquilla,41-Bar
42,14.0,Masculino,3963.88,Primaria,4.0,Villavicencio,42-Vil
43,30.0,Masculino,5077.15,Secundaria,4.8,Bogotá,43-Bog
44,42.0,Otro,,Posgrado,3.9,Medellín,44-Med
45,39.0,Otro,5090.04,Técnico,4.1,Barranquilla,45-Bar
46,35.0,Femenino,5253.48,Posgrado,3.3,Barranquilla,46-Bar
47,64.0,Otro,4923.94,Primaria,4.5,Barranquilla,47-Bar
48,40.0,Femenino,3954.74,Primaria,2.3,Cali,48-Cal
49,47.0,Masculino,4707.11,Primaria,4.4,Villavicencio,49-Vil
50,62.0,Otro,5346.79,Secundaria,5.8,Villavicencio,50-Vil
51,19.0,Otro,4961.61,Posgrado,2.0,Medellín,51-Med
52,23.0,Otro,,Técnico,4.1,Bogotá,52-Bog
53,56.0,Otro,3622.38,Técnico,3.7,Medellín,53-Med
54,25.0,Otro,4090.76,Técnico,1.6,Villavicencio,54-Vil
55,35.0,Otro,4295.19,Tecnólogo,3.2,Bogotá,55-Bog
56,48.0,Femenino,4657.27,Posgrado,4.4,Pasto,56-Pas
57,46.0,Masculino,3522.91,Posgrado,4.2,Cali,57-Cal
58,,Otro,5294.96,Primaria,1.7,Bogotá,58-Bog
59,53.0,Otro,2642.44,Primaria,3.4,Medellín,59-Med
60,48.0,Masculino,5028.7,Secundaria,3.7,Barranquilla,60-Bar
61,26.0,Masculino,5006.53,Técnico,4.4,Bogotá,61-Bog
62,45.0,Masculino,5144.1,Posgrado,3.1,Pasto,62-Pas
63,39.0,Masculino,1433.01,Universitario,2.2,Villavicencio,63-Vil
64,19.0,Otro,3150.72,Tecnólogo,4.7,Cali,64-Cal
65,52.0,Masculino,4147.3,Primaria,1.4,Medellín,65-Med
66,45.0,Masculino,4668.28,Tecnólogo,2.0,Barranquilla,66-Bar
67,36.0,Otro,,Tecnólogo,4.2,Bogotá,67-Bog
68,,Otro,3686.25,Universitario,3.5,Villavicencio,68-Vil
69,21.0,Femenino,5783.04,Secundaria,3.2,Villavicencio,69-Vil
70,37.0,Masculino,4824.03,Técnico,1.8,Medellín,70-Med
71,41.0,Femenino,4105.25,Posgrado,4.4,Barranquilla,71-Bar
72,25.0,Femenino,3512.43,Primaria,3.9,Cali,72-Cal
73,49.0,Masculino,4568.21,Tecnólogo,5.9,Bogotá,73-Bog
74,22.0,Femenino,5758.7,Universitario,4.1,Villavicencio,74-Vil
75,10.0,Otro,4535.18,Primaria,0.9,Villavicencio,75-Vil
76,47.0,Masculino,4467.95,Secundaria,3.2,Villavicencio,76-Vil
77,30.0,Otro,4566.28,Técnico,2.9,Cali,77-Cal
78,33.0,Otro,4620.62,Posgrado,2.8,Barranquilla,78-Bar
79,25.0,Otro,4266.81,Primaria,2.7,Cali,79-Cal
80,16.0,Masculino,3527.14,Técnico,3.2,Villavicencio,80-Vil
81,50.0,Masculino,6029.01,Primaria,1.9,Pasto,81-Pas
82,27.0,Masculino,5137.49,Técnico,0.6,Bogotá,82-Bog
83,55.0,Otro,6617.13,Primaria,3.6,Pasto,83-Pas
84,45.0,Femenino,4997.56,Universitario,4.6,Bogotá,84-Bog
85,31.0,Femenino,4268.71,Primaria,3.7,Barranquilla,85-Bar
86,22.0,Femenino,3554.16,Universitario,3.4,Medellín,86-Med
87,26.0,Otro,4170.0,Secundaria,1.8,Cali,87-Cal
88,20.0,Masculino,3347.06,Primaria,4.3,Cali,88-Cal
89,60.0,Otro,6597.84,Técnico,0.0,Barranquilla,89-Bar
90,37.0,Masculino,4482.97,Tecnólogo,6.1,Barranquilla,90-Bar
91,49.0,Otro,5286.06,Secundaria,2.2,Pasto,91-Pas
92,20.0,Otro,5461.97,Posgrado,4.1,Pasto,92-Pas
93,37.0,Femenino,5580.92,Posgrado,2.3,Medellín,93-Med
94,49.0,Masculino,,Tecnólogo,3.2,Cali,94-Cal
95,31.0,Femenino,4404.59,Tecnólogo,2.5,Medellín,95-Med
96,47.0,Otro,4318.14,Posgrado,-0.0,Villavicencio,96-Vil
97,22.0,Otro,4664.48,Posgrado,3.9,Villavicencio,97-Vil
98,,Otro,5248.54,Secundaria,1.4,Villavicencio,98-Vil
99,40.0,Masculino,4678.88,Universitario,1.3,Medellín,99-Med
100,30.0,Masculino,,Primaria,2.3,Barranquilla,100-Bar
101,43.0,Femenino,,Tecnólogo,2.6,Barranquilla,101-Bar
102,11.0,Femenino,3725.65,Secundaria,3.5,Bogotá,102-Bog
103,,Femenino,4769.47,Primaria,2.2,Villavicencio,103-Vil
104,66.0,Otro,3501.12,Técnico,7.0,Pasto,104-Pas
105,35.0,Femenino,2685.97,Posgrado,0.7,Barranquilla,105-Bar
106,35.0,Otro,4615.24,Universitario,2.5,Bogotá,106-Bog
107,37.0,Femenino,5662.63,Secundaria,3.7,Barranquilla,107-Bar
108,13.0,Femenino,,Tecnólogo,4.6,Pasto,108-Pas
109,40.0,Otro,4482.11,Posgrado,3.9,Barranquilla,109-Bar
110,16.0,Femenino,4903.0,Primaria,4.3,Pasto,110-Pas
111,30.0,Otro,2852.88,Técnico,2.0,Barranquilla,111-Bar
112,50.0,Femenino,3810.36,Posgrado,3.9,Villavicencio,112-Vil
113,26.0,Femenino,6178.07,Secundaria,5.0,Bogotá,113-Bog
114,41.0,Otro,5684.12,Posgrado,3.7,Barranquilla,114-Bar
115,47.0,Otro,3788.43,Universitario,6.6,Pasto,115-Pas
116,38.0,Masculino,6254.31,Secundaria,2.9,Barranquilla,116-Bar
117,19.0,Masculino,3782.11,Universitario,2.5,Pasto,117-Pas
118,31.0,Masculino,3676.81,Primaria,0.4,Pasto,118-Pas
119,59.0,Otro,6035.92,Técnico,2.3,Bogotá,119-Bog
120,11.0,Femenino,5807.74,Universitario,3.8,Cali,120-Cal
121,32.0,Otro,3911.44,Tecnólogo,4.3,Bogotá,121-Bog
122,28.0,Otro,4450.91,Secundaria,5.1,Pasto,122-Pas
123,36.0,Masculino,4158.3,Primaria,3.3,Medellín,123-Med
124,44.0,Femenino,5004.14,Primaria,2.1,Pasto,124-Pas
125,54.0,Femenino,,Universitario,1.0,Pasto,125-Pas
126,,Femenino,5032.15,Tecnólogo,2.7,Medellín,126-Med
127,45.0,Femenino,4386.1,Primaria,1.5,Medellín,127-Med
128,41.0,Masculino,3153.7,Primaria,2.7,Barranquilla,128-Bar
129,41.0,Femenino,5277.96,Posgrado,0.9,Cali,129-Cal
130,28.0,Otro,3277.05,Posgrado,2.5,Pasto,130-Pas
131,,Otro,4312.87,Universitario,2.1,Medellín,131-Med
132,22.0,Masculino,5458.24,Universitario,4.5,Cali,132-Cal
133,26.0,Otro,5311.23,Universitario,1.2,Pasto,133-Pas
134,39.0,Masculino,5338.71,Secundaria,0.5,Cali,134-Cal
135,44.0,Masculino,5198.92,Técnico,4.2,Pasto,135-Pas
136,39.0,Otro,4645.86,Universitario,5.3,Pasto,136-Pas
137,28.0,Femenino,,Universitario,4.2,Cali,137-Cal
138,57.0,Femenino,,Universitario,2.8,Medellín,138-Med
139,,Otro,,Secundaria,1.7,Barranquilla,139-Bar
140,31.0,Otro,,Secundaria,2.7,Pasto,140-Pas
141,25.0,Femenino,4633.33,Tecnólogo,2.4,Villavicencio,141-Vil
142,37.0,Femenino,5013.81,Posgrado,1.2,Bogotá,142-Bog
143,50.0,Femenino,3815.18,Primaria,3.0,Pasto,143-Pas
144,39.0,Otro,4193.04,Técnico,4.9,Villavicencio,144-Vil
145,42.0,Femenino,4730.5,Tecnólogo,4.3,Medellín,145-Med
146,32.0,Masculino,6423.51,Primaria,3.5,Pasto,146-Pas
147,40.0,Femenino,5028.99,Tecnólogo,2.9,Barranquilla,147-Bar
148,54.0,Otro,4365.26,Posgrado,1.5,Villavicencio,148-Vil
149,32.0,Femenino,4279.78,Secundaria,4.6,Bogotá,149-Bog
150,37.0,Otro,,Universitario,0.8,Villavicencio,150-Vil
151,38.0,Otro,4402.74,Tecnólogo,-0.2,Barranquilla,151-Bar
152,38.0,Masculino,5137.38,Técnico,2.9,Cali,152-Cal
153,18.0,Masculino,5011.6,Técnico,2.4,Cali,153-Cal
154,12.0,Otro,3253.92,Primaria,2.5,Villavicencio,154-Vil
155,,Masculino,4972.79,Técnico,4.1,Villavicencio,155-Vil
156,,Masculino,4965.62,Secundaria,3.8,Barranquilla,156-Bar
157,42.0,Masculino,,Técnico,4.0,Bogotá,157-Bog
158,29.0,Otro,3662.92,Tecnólogo,4.6,Cali,158-Cal
159,52.0,Masculino,5594.11,Técnico,1.1,Medellín,159-Med
160,33.0,Femenino,4333.2,Tecnólogo,5.6,Bogotá,160-Bog
161,35.0,Femenino,6488.27,Posgrado,1.7,Pasto,161-Pas
162,33.0,Masculino,6252.43,Tecnólogo,3.5,Medellín,162-Med
163,37.0,Femenino,3891.94,Universitario,5.8,Barranquilla,163-Bar
164,43.0,Otro,3130.78,Secundaria,5.4,Medellín,164-Med
165,43.0,Otro,5197.24,Primaria,5.1,Bogotá,165-Bog
166,24.0,Masculino,,Posgrado,3.0,Barranquilla,166-Bar
167,53.0,Otro,5647.51,Tecnólogo,0.8,Villavicencio,167-Vil
168,22.0,Masculino,5029.86,Universitario,1.4,Bogotá,168-Bog
169,36.0,Femenino,3046.39,Técnico,2.5,Cali,169-Cal
170,32.0,Masculino,5282.06,Técnico,2.0,Villavicencio,170-Vil
171,22.0,Masculino,4637.25,Primaria,1.9,Pasto,171-Pas
172,34.0,Otro,4912.11,Secundaria,2.6,Cali,172-Cal
173,,Femenino,6024.05,Secundaria,2.0,Barranquilla,173-Bar
174,36.0,Otro,4370.08,Posgrado,2.2,Villavicencio,174-Vil
175,40.0,Otro,5258.02,Tecnólogo,3.1,Medellín,175-Med
176,53.0,Femenino,3901.61,Tecnólogo,1.5,Villavicencio,176-Vil
177,39.0,Otro,3926.2,Secundaria,4.1,Bogotá,177-Bog
178,28.0,Otro,,Secundaria,4.4,Barranquilla,178-Bar
179,30.0,Femenino,3879.62,Secundaria,2.3,Medellín,179-Med
180,37.0,Femenino,5067.86,Posgrado,3.0,Medellín,180-Med
181,36.0,Masculino,3176.56,Primaria,5.3,Pasto,181-Pas
182,53.0,Otro,5329.55,Posgrado,4.2,Cali,182-Cal
183,52.0,Otro,3738.47,Primaria,5.4,Villavicencio,183-Vil
184,31.0,Otro,4877.7,Posgrado,4.2,Cali,184-Cal
185,28.0,Otro,3312.57,Técnico,4.5,Pasto,185-Pas
186,4.0,Femenino,,Primaria,2.2,Pasto,186-Pas
187,28.0,Otro,5584.01,Secundaria,3.0,Cali,187-Cal
188,23.0,Otro,4509.77,Posgrado,1.9,Medellín,188-Med
189,31.0,Masculino,6048.68,Secundaria,3.1,Barranquilla,189-Bar
190,40.0,Femenino,4360.09,Tecnólogo,3.8,Pasto,190-Pas
191,37.0,Femenino,4911.37,Primaria,3.4,Villavicencio,191-Vil
192,35.0,Masculino,3574.53,Secundaria,0.8,Villavicencio,192-Vil
193,37.0,Otro,4938.43,Secundaria,1.8,Bogotá,193-Bog
194,33.0,Otro,3931.86,Primaria,1.2,Cali,194-Cal
195,37.0,Masculino,3779.61,Universitario,3.5,Cali,195-Cal
196,-4.0,Masculino,6080.1,Técnico,2.4,Medellín,196-Med
197,32.0,Otro,3229.78,Tecnólogo,3.4,Barranquilla,197-Bar
198,34.0,Otro,,Primaria,-0.1,Bogotá,198-Bog
199,31.0,Otro,5212.79,Técnico,3.1,Villavicencio,199-Vil
200,32.0,Femenino,4734.07,Secundaria,1.5,Medellín,200-Med
201,43.0,Masculino,2652.67,Secundaria,4.1,Cali,201-Cal
202,28.0,Otro,5103.91,Tecnólogo,4.2,Cali,202-Cal
203,,Femenino,3121.0,Posgrado,3.8,Medellín,203-Med
204,43.0,Femenino,4056.75,Universitario,4.4,Bogotá,204-Bog
205,35.0,Femenino,4255.76,Técnico,4.2,Barranquilla,205-Bar
206,33.0,Otro,1579.97,Posgrado,2.2,Barranquilla,206-Bar
207,34.0,Masculino,,Técnico,0.8,Pasto,207-Pas
208,24.0,Masculino,5165.88,Posgrado,4.1,Bogotá,208-Bog
209,34.0,Otro,4329.92,Universitario,3.5,Medellín,209-Med
210,38.0,Masculino,4684.93,Secundaria,-0.4,Pasto,210-Pas
211,42.0,Femenino,6761.79,Tecnólogo,0.4,Pasto,211-Pas
212,,Otro,5625.44,Primaria,1.1,Villavicencio,212-Vil
213,32.0,Otro,4559.39,Tecnólogo,2.9,Barranquilla,213-Bar
214,18.0,Femenino,7087.01,Posgrado,0.9,Barranquilla,214-Bar
215,27.0,Masculino,,Secundaria,4.0,Cali,215-Cal
216,54.0,Otro,5019.68,Primaria,2.2,Villavicencio,216-Vil
217,46.0,Otro,2923.38,Primaria,5.3,Pasto,217-Pas
218,,Femenino,4898.33,Primaria,3.6,Pasto,218-Pas
219,26.0,Femenino,4388.59,Primaria,2.8,Medellín,219-Med
220,35.0,Masculino,4560.79,Primaria,3.6,Pasto,220-Pas
221,20.0,Masculino,4870.48,Técnico,1.6,Pasto,221-Pas
222,28.0,Masculino,4780.0,Técnico,5.2,Cali,222-Cal
223,32.0,Masculino,,Secundaria,4.6,Bogotá,223-Bog
224,31.0,Femenino,4116.65,Secundaria,3.4,Pasto,224-Pas
225,46.0,Otro,4506.06,Secundaria,5.9,Barranquilla,225-Bar
226,18.0,Femenino,3070.82,Tecnólogo,0.8,Cali,226-Cal
227,25.0,Otro,,Tecnólogo,4.2,Medellín,227-Med
228,19.0,Masculino,6382.88,Posgrado,4.8,Medellín,228-Med
229,20.0,Otro,4803.54,Primaria,3.7,Barranquilla,229-Bar
230,,Masculino,3972.29,Primaria,2.8,Bogotá,230-Bog
231,16.0,Masculino,2198.08,Técnico,-0.1,Barranquilla,231-Bar
232,44.0,Femenino,2979.09,Primaria,4.6,Pasto,232-Pas
233,32.0,Femenino,4839.23,Técnico,2.4,Cali,233-Cal
234,36.0,Otro,5762.44,Secundaria,2.9,Barranquilla,234-Bar
235,39.0,Otro,4279.92,Tecnólogo,4.5,Cali,235-Cal
236,30.0,Masculino,3012.76,Tecnólogo,4.5,Villavicencio,236-Vil
237,47.0,Masculino,,Posgrado,1.3,Pasto,237-Pas
238,33.0,Otro,3927.77,Técnico,1.5,Villavicencio,238-Vil
239,42.0,Femenino,2567.45,Universitario,1.9,Cali,239-Cal
240,33.0,Femenino,4189.43,Posgrado,4.0,Pasto,240-Pas
241,38.0,Masculino,5392.39,Técnico,4.6,Cali,241-Cal
242,38.0,Femenino,2818.22,Técnico,3.8,Villavicencio,242-Vil
243,38.0,Otro,3940.36,Universitario,2.3,Villavicencio,243-Vil
244,23.0,Otro,2475.7,Técnico,2.8,Bogotá,244-Bog
245,40.0,Masculino,3680.85,Secundaria,5.1,Medellín,245-Med
246,31.0,Femenino,4351.96,Universitario,1.3,Medellín,246-Med
247,43.0,Masculino,5521.21,Secundaria,4.2,Pasto,247-Pas
248,9.0,Otro,,Universitario,2.8,Cali,248-Cal
249,17.0,Femenino,3316.55,Universitario,3.7,Bogotá,249-Bog
250,39.0,Masculino,4593.98,Tecnólogo,3.0,Medellín,250-Med
251,57.0,Otro,4166.07,Posgrado,4.5,Pasto,251-Pas
252,45.0,Femenino,4487.13,Secundaria,3.8,Villavicencio,252-Vil
253,27.0,Femenino,4300.51,Secundaria,3.1,Villavicencio,253-Vil
254,15.0,Femenino,4813.37,Técnico,6.4,Medellín,254-Med
255,44.0,Femenino,4681.11,Técnico,4.9,Cali,255-Cal
256,34.0,Femenino,5366.43,Posgrado,3.4,Cali,256-Cal
257,42.0,Masculino,4616.59,Secundaria,4.2,Cali,257-Cal
258,36.0,Femenino,6189.93,Posgrado,3.2,Bogotá,258-Bog
259,35.0,Otro,,Universitario,2.0,Barranquilla,259-Bar
260,71.0,Masculino,5978.31,Primaria,0.4,Villavicencio,260-Vil
261,35.0,Masculino,5220.25,Técnico,6.1,Villavicencio,261-Vil
262,33.0,Otro,3827.21,Tecnólogo,2.3,Barranquilla,262-Bar
263,34.0,Otro,5742.92,Técnico,3.9,Barranquilla,263-Bar
264,28.0,Otro,,Universitario,4.9,Pasto,264-Pas
265,47.0,Femenino,1627.94,Posgrado,2.3,Medellín,265-Med
266,31.0,Otro,3951.55,Técnico,2.6,Villavicencio,266-Vil
267,43.0,Femenino,5942.76,Primaria,3.8,Pasto,267-Pas
268,38.0,Masculino,5554.39,Tecnólogo,3.8,Cali,268-Cal
269,50.0,Femenino,3039.58,Primaria,3.0,Bogotá,269-Bog
270,40.0,Masculino,5358.76,Secundaria,1.4,Villavicencio,270-Vil
271,20.0,Masculino,6227.23,Tecnólogo,4.9,Medellín,271-Med
272,19.0,Otro,5106.7,Tecnólogo,4.1,Medellín,272-Med
273,52.0,Femenino,3024.14,Universitario,3.3,Cali,273-Cal
274,28.0,Masculino,3716.18,Secundaria,4.2,Cali,274-Cal
275,19.0,Masculino,4900.5,Primaria,-1.9,Pasto,275-Pas
276,27.0,Femenino,4284.47,Secundaria,3.1,Villavicencio,276-Vil
277,50.0,Masculino,5777.66,Tecnólogo,2.4,Bogotá,277-Bog
278,18.0,Femenino,5231.25,Secundaria,0.1,Medellín,278-Med
279,25.0,Femenino,6463.18,Primaria,3.8,Medellín,279-Med
280,27.0,Masculino,5520.62,Secundaria,1.5,Pasto,280-Pas
281,20.0,Femenino,5052.54,Posgrado,5.1,Barranquilla,281-Bar
282,,Otro,4185.67,Universitario,2.8,Cali,282-Cal
283,17.0,Otro,5904.46,Secundaria,4.0,Cali,283-Cal
284,,Femenino,4505.5,Posgrado,2.1,Cali,284-Cal
285,31.0,Masculino,3474.1,Secundaria,4.2,Bogotá,285-Bog
286,27.0,Masculino,4548.17,Técnico,5.1,Pasto,286-Pas
287,15.0,Otro,4408.14,Técnico,0.6,Pasto,287-Pas
288,,Femenino,3506.46,Técnico,3.9,Villavicencio,288-Vil
289,19.0,Otro,5327.84,Tecnólogo,0.5,Pasto,289-Pas
290,38.0,Otro,,Tecnólogo,2.8,Pasto,290-Pas
291,22.0,Femenino,4895.59,Primaria,3.4,Cali,291-Cal
292,43.0,Masculino,3719.09,Primaria,1.4,Medellín,292-Med
293,46.0,Masculino,4335.33,Tecnólogo,2.5,Villavicencio,293-Vil
294,24.0,Femenino,5274.33,Posgrado,5.2,Bogotá,294-Bog
295,12.0,Masculino,4253.17,Primaria,4.3,Medellín,295-Med
296,43.0,Femenino,4134.66,Primaria,4.6,Cali,296-Cal
297,58.0,Masculino,6684.31,Posgrado,5.4,Pasto,297-Pas
298,40.0,Femenino,4816.19,Secundaria,2.5,Villavicencio,298-Vil
299,37.0,Masculino,5233.31,Posgrado,4.5,Pasto,299-Pas
300,45.0,Otro,5246.24,Posgrado,2.1,Medellín,300-Med
301,44.0,Masculino,4596.96,Tecnólogo,4.9,Pasto,301-Pas
302,25.0,Masculino,5027.62,Posgrado,1.3,Barranquilla,302-Bar
303,27.0,Femenino,3526.99,Tecnólogo,1.8,Villavicencio,303-Vil
304,42.0,Otro,5948.21,Posgrado,5.6,Cali,304-Cal
305,33.0,Otro,5746.95,Posgrado,3.9,Villavicencio,305-Vil
306,51.0,Masculino,4690.21,Tecnólogo,3.5,Pasto,306-Pas
307,27.0,Femenino,4506.36,Primaria,2.7,Barranquilla,307-Bar
308,44.0,Masculino,3260.38,Universitario,2.4,Villavicencio,308-Vil
309,39.0,Femenino,5529.31,Universitario,2.9,Bogotá,309-Bog
310,33.0,Otro,4244.96,Universitario,2.9,Villavicencio,310-Vil
311,49.0,Masculino,5109.77,Tecnólogo,4.0,Pasto,311-Pas
312,43.0,Femenino,3059.33,Secundaria,5.6,Pasto,312-Pas
313,,Femenino,,Técnico,1.7,Cali,313-Cal
314,43.0,Masculino,4324.75,Posgrado,3.3,Bogotá,314-Bog
315,51.0,Otro,4511.91,Primaria,4.2,Bogotá,315-Bog
316,33.0,Femenino,3082.19,Técnico,2.6,Cali,316-Cal
317,32.0,Femenino,5179.06,Primaria,4.2,Villavicencio,317-Vil
318,27.0,Masculino,3887.47,Tecnólogo,0.9,Barranquilla,318-Bar
319,,Femenino,4452.99,Técnico,6.5,Medellín,319-Med
320,43.0,Femenino,5304.18,Secundaria,3.5,Barranquilla,320-Bar
321,25.0,Otro,4414.33,Tecnólogo,2.9,Bogotá,321-Bog
322,19.0,Otro,6486.24,Universitario,1.9,Cali,322-Cal
323,30.0,Femenino,3601.2,Técnico,2.6,Barranquilla,323-Bar
324,18.0,Masculino,4740.49,Posgrado,4.1,Cali,324-Cal
325,41.0,Otro,4913.32,Posgrado,6.6,Pasto,325-Pas
326,30.0,Otro,,Secundaria,1.1,Villavicencio,326-Vil
327,14.0,Otro,4587.41,Tecnólogo,2.9,Pasto,327-Pas
328,,Otro,4305.12,Tecnólogo,1.3,Barranquilla,328-Bar
329,33.0,Masculino,4725.81,Primaria,1.2,Pasto,329-Pas
330,40.0,Femenino,4953.65,Posgrado,3.1,Medellín,330-Med
331,33.0,Masculino,,Secundaria,2.2,Cali,331-Cal
332,57.0,Otro,4788.17,Universitario,3.5,Bogotá,332-Bog
333,29.0,Femenino,5047.07,Universitario,4.0,Medellín,333-Med
334,34.0,Otro,5999.32,Tecnólogo,1.1,Bogotá,334-Bog
335,34.0,Femenino,2915.74,Posgrado,2.2,Medellín,335-Med
336,,Masculino,4238.8,Primaria,2.6,Villavicencio,336-Vil
337,37.0,Femenino,4538.17,Secundaria,-0.3,Medellín,337-Med
338,41.0,Femenino,2944.44,Posgrado,2.6,Pasto,338-Pas
339,51.0,Femenino,4576.68,Primaria,1.1,Cali,339-Cal
340,16.0,Masculino,,Tecnólogo,2.7,Villavicencio,340-Vil
341,29.0,Masculino,5205.54,Secundaria,2.9,Barranquilla,341-Bar
342,30.0,Masculino,3021.71,Tecnólogo,0.2,Bogotá,342-Bog
343,46.0,Masculino,3248.82,Técnico,1.3,Villavicencio,343-Vil
344,31.0,Femenino,5024.34,Universitario,3.6,Villavicencio,344-Vil
345,12.0,Otro,2832.43,Posgrado,4.3,Pasto,345-Pas
346,36.0,Masculino,6553.78,Primaria,5.8,Medellín,346-Med
347,35.0,Masculino,,Secundaria,3.5,Bogotá,347-Bog
348,37.0,Masculino,4402.91,Posgrado,2.0,Medellín,348-Med
349,,Masculino,5703.19,Posgrado,1.6,Villavicencio,349-Vil
350,56.0,Masculino,4420.29,Posgrado,1.1,Pasto,350-Pas
351,31.0,Otro,4740.63,Técnico,4.5,Bogotá,351-Bog
352,,Masculino,4344.1,Técnico,1.0,Barranquilla,352-Bar
353,24.0,Masculino,3998.18,Posgrado,1.8,Bogotá,353-Bog
354,24.0,Femenino,,Secundaria,2.8,Barranquilla,354-Bar
355,20.0,Otro,5025.03,Tecnólogo,4.9,Pasto,355-Pas
356,30.0,Femenino,,Tecnólogo,3.9,Barranquilla,356-Bar
357,24.0,Masculino,3618.83,Tecnólogo,2.8,Barranquilla,357-Bar
358,60.0,Otro,3840.58,Tecnólogo,3.9,Medellín,358-Med
359,12.0,Femenino,4470.41,Técnico,5.9,Cali,359-Cal
360,21.0,Femenino,4845.66,Posgrado,2.5,Pasto,360-Pas
361,30.0,Otro,,Tecnólogo,4.7,Barranquilla,361-Bar
362,43.0,Masculino,4775.04,Secundaria,3.9,Cali,362-Cal
363,30.0,Otro,4325.66,Técnico,4.9,Bogotá,363-Bog
364,43.0,Femenino,3785.12,Tecnólogo,3.2,Bogotá,364-Bog
365,23.0,Masculino,5485.28,Posgrado,2.0,Bogotá,365-Bog
366,36.0,Femenino,4488.1,Tecnólogo,1.4,Villavicencio,366-Vil
367,56.0,Masculino,4841.75,Secundaria,2.7,Pasto,367-Pas
368,23.0,Masculino,4499.32,Técnico,1.5,Medellín,368-Med
369,,Femenino,5050.58,Técnico,0.9,Medellín,369-Med
370,37.0,Otro,4978.7,Posgrado,6.5,Villavicencio,370-Vil
371,8.0,Otro,4873.84,Técnico,1.6,Barranquilla,371-Bar
372,28.0,Otro,4503.83,Primaria,2.3,Pasto,372-Pas
373,49.0,Otro,4593.43,Técnico,3.2,Pasto,373-Pas
374,37.0,Femenino,4882.32,Universitario,5.7,Bogotá,374-Bog
375,20.0,Masculino,2575.8,Técnico,4.0,Cali,375-Cal
376,43.0,Masculino,,Universitario,5.1,Cali,376-Cal
377,,Otro,5480.79,Técnico,3.3,Bogotá,377-Bog
378,,Otro,4019.69,Secundaria,3.0,Cali,378-Cal
379,40.0,Femenino,2409.88,Universitario,3.3,Pasto,379-Pas
380,22.0,Femenino,3114.96,Primaria,4.8,Pasto,380-Pas
381,44.0,Masculino,4575.2,Técnico,1.7,Barranquilla,381-Bar
382,23.0,Femenino,3779.24,Secundaria,2.1,Pasto,382-Pas
383,,Femenino,4633.92,Técnico,4.4,Cali,383-Cal
384,24.0,Femenino,4481.54,Universitario,5.1,Barranquilla,384-Bar
385,31.0,Femenino,4030.85,Tecnólogo,0.8,Cali,385-Cal
386,36.0,Masculino,3585.0,Secundaria,2.3,Bogotá,386-Bog
387,26.0,Femenino,4695.49,Universitario,3.7,Barranquilla,387-Bar
388,44.0,Otro,4568.93,Primaria,3.9,Cali,388-Cal
389,38.0,Femenino,4376.11,Primaria,4.8,Villavicencio,389-Vil
390,27.0,Femenino,5372.41,Técnico,5.2,Barranquilla,390-Bar
391,46.0,Femenino,4701.33,Secundaria,2.4,Pasto,391-Pas
392,49.0,Masculino,3903.97,Posgrado,4.7,Barranquilla,392-Bar
393,34.0,Masculino,4141.41,Secundaria,1.7,Medellín,393-Med
394,,Masculino,4438.07,Universitario,4.6,Pasto,394-Pas
395,14.0,Otro,4623.19,Universitario,2.7,Villavicencio,395-Vil
396,30.0,Femenino,5836.42,Primaria,3.7,Cali,396-Cal
397,32.0,Otro,6188.08,Secundaria,4.2,Villavicencio,397-Vil
398,,Masculino,4031.05,Primaria,4.3,Villavicencio,398-Vil
399,33.0,Otro,3480.59,Tecnólogo,3.6,Bogotá,399-Bog
400,38.0,Masculino,3957.12,Posgrado,3.5,Medellín,400-Med
401,53.0,Femenino,,Secundaria,1.1,Medellín,401-Med
402,29.0,Masculino,5332.79,Posgrado,3.7,Villavicencio,402-Vil
403,29.0,Otro,4091.89,Posgrado,2.0,Villavicencio,403-Vil
404,19.0,Otro,3585.82,Posgrado,2.3,Villavicencio,404-Vil
405,35.0,Femenino,4882.36,Secundaria,3.6,Villavicencio,405-Vil
406,47.0,Femenino,5123.59,Posgrado,5.4,Bogotá,406-Bog
407,14.0,Otro,5534.64,Posgrado,4.5,Pasto,407-Pas
408,27.0,Femenino,3862.28,Secundaria,2.9,Cali,408-Cal
409,35.0,Masculino,4828.86,Posgrado,2.7,Pasto,409-Pas
410,45.0,Femenino,,Primaria,1.9,Pasto,410-Pas
411,40.0,Femenino,4394.3,Posgrado,3.1,Cali,411-Cal
412,39.0,Femenino,5218.51,Tecnólogo,-0.5,Barranquilla,412-Bar
413,32.0,Otro,5983.72,Técnico,2.8,Barranquilla,413-Bar
414,41.0,Otro,4802.16,Técnico,2.0,Cali,414-Cal
415,47.0,Masculino,4258.25,Primaria,2.7,Villavicencio,415-Vil
416,14.0,Masculino,3094.04,Universitario,0.7,Barranquilla,416-Bar
417,44.0,Otro,4728.37,Secundaria,2.4,Medellín,417-Med
418,34.0,Femenino,5131.76,Secundaria,5.2,Pasto,418-Pas
419,29.0,Femenino,5513.67,Universitario,3.3,Bogotá,419-Bog
420,6.0,Masculino,4743.21,Posgrado,1.3,Villavicencio,420-Vil
421,18.0,Masculino,,Secundaria,2.3,Bogotá,421-Bog
422,55.0,Otro,5053.5,Posgrado,3.2,Pasto,422-Pas
423,27.0,Otro,6189.88,Universitario,-0.4,Barranquilla,423-Bar
424,22.0,Femenino,4237.6,Técnico,6.5,Cali,424-Cal
425,30.0,Otro,3697.55,Posgrado,3.4,Pasto,425-Pas
426,26.0,Masculino,4170.32,Primaria,3.4,Villavicencio,426-Vil
427,36.0,Femenino,4486.82,Universitario,4.2,Pasto,427-Pas
428,53.0,Femenino,3976.52,Universitario,3.8,Pasto,428-Pas
429,28.0,Masculino,5206.33,Primaria,5.2,Bogotá,429-Bog
430,37.0,Femenino,4930.73,Posgrado,5.6,Villavicencio,430-Vil
431,21.0,Masculino,4165.67,Universitario,1.8,Cali,431-Cal
432,53.0,Femenino,,Técnico,0.1,Medellín,432-Med
433,37.0,Otro,2960.93,Universitario,0.5,Bogotá,433-Bog
434,,Masculino,4821.25,Posgrado,6.3,Bogotá,434-Bog
435,46.0,Otro,3106.19,Universitario,1.4,Medellín,435-Med
436,49.0,Femenino,4222.67,Primaria,5.3,Medellín,436-Med
437,37.0,Masculino,4038.66,Tecnólogo,1.4,Cali,437-Cal
438,15.0,Masculino,4966.58,Tecnólogo,4.9,Bogotá,438-Bog
439,56.0,Masculino,4055.86,Primaria,4.9,Cali,439-Cal
440,39.0,Femenino,,Tecnólogo,3.4,Bogotá,440-Bog
441,,Masculino,5995.19,Tecnólogo,2.0,Bogotá,441-Bog
442,,Masculino,2930.57,Posgrado,4.7,Medellín,442-Med
443,30.0,Otro,4613.1,Posgrado,2.2,Bogotá,443-Bog
444,36.0,Femenino,5364.21,Primaria,5.3,Cali,444-Cal
445,48.0,Otro,3872.25,Primaria,2.1,Cali,445-Cal
446,,Otro,4520.92,Universitario,5.1,Villavicencio,446-Vil
447,20.0,Otro,,Primaria,2.0,Pasto,447-Pas
448,38.0,Masculino,,Primaria,1.9,Barranquilla,448-Bar
449,55.0,Otro,5222.11,Posgrado,4.1,Medellín,449-Med
450,36.0,Otro,4172.86,Secundaria,3.0,Pasto,450-Pas
451,37.0,Femenino,3187.32,Universitario,4.0,Bogotá,451-Bog
452,20.0,Masculino,,Primaria,7.2,Bogotá,452-Bog
453,18.0,Otro,5104.43,Posgrado,1.6,Medellín,453-Med
454,,Masculino,5051.23,Primaria,2.5,Medellín,454-Med
455,31.0,Masculino,5547.73,Universitario,3.2,Medellín,455-Med
456,36.0,Masculino,3996.0,Universitario,1.4,Medellín,456-Med
457,37.0,Otro,3872.56,Universitario,0.5,Bogotá,457-Bog
458,54.0,Otro,4830.88,Primaria,1.6,Cali,458-Cal
459,36.0,Masculino,5500.1,Primaria,4.1,Pasto,459-Pas
460,48.0,Femenino,4125.44,Técnico,1.9,Barranquilla,460-Bar
461,,Masculino,5458.19,Universitario,1.9,Villavicencio,461-Vil
462,52.0,Femenino,,Técnico,3.7,Medellín,462-Med
463,13.0,Otro,6537.45,Secundaria,1.5,Medellín,463-Med
464,28.0,Masculino,2780.33,Técnico,4.4,Medellín,464-Med
465,47.0,Masculino,6034.83,Universitario,5.9,Medellín,465-Med
466,33.0,Femenino,3002.52,Universitario,3.4,Barranquilla,466-Bar
467,46.0,Masculino,5723.17,Universitario,3.7,Cali,467-Cal
468,40.0,Otro,4585.8,Universitario,1.9,Villavicencio,468-Vil
469,46.0,Femenino,4046.66,Posgrado,3.4,Villavicencio,469-Vil
470,42.0,Otro,3591.23,Primaria,3.7,Pasto,470-Pas
471,43.0,Femenino,,Tecnólogo,1.1,Villavicencio,471-Vil
472,53.0,Femenino,5181.76,Posgrado,1.6,Medellín,472-Med
473,,Femenino,4960.31,Primaria,1.8,Medellín,473-Med
474,47.0,Masculino,4311.56,Posgrado,3.3,Cali,474-Cal
475,35.0,Femenino,4473.42,Universitario,2.2,Cali,475-Cal
476,28.0,Femenino,3628.72,Secundaria,3.3,Medellín,476-Med
477,,Otro,4367.43,Primaria,2.3,Cali,477-Cal
478,44.0,Otro,,Universitario,4.6,Pasto,478-Pas
479,6.0,Femenino,3592.41,Primaria,2.7,Bogotá,479-Bog
480,19.0,Masculino,5021.14,Primaria,1.5,Barranquilla,480-Bar
481,,Femenino,4038.55,Tecnólogo,5.4,Villavicencio,481-Vil
482,32.0,Femenino,,Secundaria,6.1,Pasto,482-Pas
483,3.0,Otro,,Posgrado,4.2,Bogotá,483-Bog
484,50.0,Masculino,3126.05,Tecnólogo,3.7,Pasto,484-Pas
485,42.0,Masculino,4035.17,Universitario,3.0,Medellín,485-Med
486,59.0,Femenino,5569.25,Tecnólogo,3.7,Cali,486-Cal
487,48.0,Masculino,3712.79,Primaria,1.4,Medellín,487-Med
488,47.0,Masculino,5442.55,Secundaria,1.3,Barranquilla,488-Bar
489,62.0,Otro,4051.5,Técnico,3.9,Bogotá,489-Bog
490,28.0,Femenino,4406.41,Posgrado,1.2,Bogotá,490-Bog
491,17.0,Masculino,6384.55,Tecnólogo,5.7,Bogotá,491-Bog
492,,Otro,5635.79,Tecnólogo,1.8,Medellín,492-Med
493,25.0,Femenino,4586.19,Primaria,3.8,Barranquilla,493-Bar
494,32.0,Otro,3846.01,Posgrado,1.1,Cali,494-Cal
495,22.0,Otro,4526.89,Técnico,3.0,Pasto,495-Pas
496,,Femenino,6149.61,Tecnólogo,3.6,Bogotá,496-Bog
497,41.0,Femenino,6672.05,Primaria,2.4,Medellín,497-Med
498,35.0,Masculino,3880.17,Tecnólogo,2.1,Medellín,498-Med
499,39.0,Otro,5944.25,Primaria,2.6,Bogotá,499-Bog
500,,Femenino,2922.17,Primaria,5.0,Medellín,500-Med
501,44.0,Otro,5088.21,Secundaria,4.5,Bogotá,501-Bog
502,36.0,Femenino,4874.37,Tecnólogo,4.7,Medellín,502-Med
503,32.0,Masculino,,Posgrado,4.6,Medellín,503-Med
504,46.0,Femenino,3667.59,Tecnólogo,5.3,Barranquilla,504-Bar
505,50.0,Femenino,4646.02,Primaria,4.2,Pasto,505-Pas
506,51.0,Femenino,2638.24,Posgrado,-0.4,Pasto,506-Pas
507,23.0,Femenino,3869.93,Tecnólogo,4.0,Barranquilla,507-Bar
508,29.0,Otro,4483.0,Universitario,3.7,Pasto,508-Pas
509,,Masculino,4694.51,Universitario,2.7,Villavicencio,509-Vil
510,32.0,Otro,7291.97,Posgrado,0.8,Pasto,510-Pas
511,40.0,Femenino,3990.61,Técnico,2.0,Pasto,511-Pas
512,,Otro,4520.85,Universitario,2.5,Pasto,512-Pas
513,58.0,Masculino,,Tecnólogo,4.3,Barranquilla,513-Bar
514,30.0,Masculino,2613.6,Primaria,4.1,Barranquilla,514-Bar
515,22.0,Femenino,5398.35,Posgrado,1.3,Cali,515-Cal
516,42.0,Otro,,Primaria,3.9,Barranquilla,516-Bar
517,37.0,Femenino,3124.56,Técnico,0.1,Cali,517-Cal
518,42.0,Femenino,2810.21,Tecnólogo,2.4,Bogotá,518-Bog
519,,Masculino,3864.12,Tecnólogo,3.0,Medellín,519-Med
520,38.0,Masculino,6167.03,Técnico,4.1,Barranquilla,520-Bar
521,10.0,Otro,3011.86,Primaria,2.6,Barranquilla,521-Bar
522,26.0,Masculino,5181.8,Universitario,3.8,Barranquilla,522-Bar
523,28.0,Femenino,4631.43,Secundaria,3.4,Cali,523-Cal
524,31.0,Femenino,4198.18,Tecnólogo,3.7,Cali,524-Cal
525,,Otro,3895.4,Secundaria,4.0,Medellín,525-Med
526,40.0,Femenino,4744.98,Primaria,2.6,Villavicencio,526-Vil
527,42.0,Otro,4189.2,Tecnólogo,4.3,Cali,527-Cal
528,21.0,Masculino,4100.68,Tecnólogo,5.3,Pasto,528-Pas
529,43.0,Masculino,4292.46,Secundaria,2.8,Cali,529-Cal
530,42.0,Otro,5611.62,Técnico,-0.4,Cali,530-Cal
531,41.0,Femenino,4712.84,Primaria,4.0,Barranquilla,531-Bar
532,18.0,Femenino,4568.95,Técnico,3.0,Villavicencio,532-Vil
533,40.0,Femenino,5882.58,Primaria,3.7,Medellín,533-Med
534,36.0,Masculino,4231.85,Técnico,1.8,Barranquilla,534-Bar
535,47.0,Femenino,5932.84,Técnico,2.3,Villavicencio,535-Vil
536,,Masculino,3824.19,Posgrado,3.1,Pasto,536-Pas
537,54.0,Femenino,,Técnico,2.7,Villavicencio,537-Vil
538,36.0,Masculino,,Universitario,2.9,Cali,538-Cal
539,35.0,Otro,4431.5,Secundaria,2.3,Pasto,539-Pas
540,43.0,Otro,3856.76,Secundaria,2.8,Bogotá,540-Bog
541,22.0,Otro,4204.61,Secundaria,4.0,Pasto,541-Pas
542,,Femenino,3799.41,Primaria,3.8,Villavicencio,542-Vil
543,29.0,Femenino,4902.85,Primaria,1.1,Medellín,543-Med
544,50.0,Femenino,3675.23,Primaria,3.3,Pasto,544-Pas
545,31.0,Femenino,5036.56,Tecnólogo,1.9,Barranquilla,545-Bar
546,53.0,Masculino,6847.07,Universitario,3.6,Barranquilla,546-Bar
547,,Otro,2944.96,Tecnólogo,4.8,Barranquilla,547-Bar
548,16.0,Otro,2127.88,Secundaria,4.2,Medellín,548-Med
549,34.0,Otro,3511.8,Técnico,2.0,Medellín,549-Med
550,46.0,Masculino,5243.3,Universitario,3.1,Medellín,550-Med
551,34.0,Otro,3788.84,Tecnólogo,3.6,Villavicencio,551-Vil
552,34.0,Otro,5077.48,Tecnólogo,3.7,Pasto,552-Pas
553,34.0,Femenino,5449.22,Tecnólogo,1.7,Barranquilla,553-Bar
554,,Masculino,4248.92,Tecnólogo,3.8,Cali,554-Cal
555,,Femenino,5384.77,Secundaria,3.5,Cali,555-Cal
556,27.0,Otro,2230.5,Tecnólogo,1.6,Bogotá,556-Bog
557,48.0,Masculino,5334.53,Posgrado,3.5,Cali,557-Cal
558,34.0,Masculino,5299.3,Primaria,2.3,Medellín,558-Med
559,48.0,Masculino,4400.57,Tecnólogo,1.7,Villavicencio,559-Vil
560,39.0,Femenino,5503.54,Posgrado,2.4,Bogotá,560-Bog
561,34.0,Femenino,,Posgrado,1.6,Bogotá,561-Bog
562,38.0,Masculino,6432.82,Primaria,1.9,Villavicencio,562-Vil
563,17.0,Femenino,6441.25,Técnico,5.2,Cali,563-Cal
564,35.0,Otro,4555.53,Universitario,1.1,Barranquilla,564-Bar
565,56.0,Masculino,4358.78,Tecnólogo,4.2,Cali,565-Cal
566,51.0,Otro,4421.9,Técnico,3.7,Bogotá,566-Bog
567,23.0,Otro,,Universitario,5.3,Cali,567-Cal
568,41.0,Femenino,5198.16,Tecnólogo,6.0,Pasto,568-Pas
569,38.0,Masculino,6849.36,Técnico,2.8,Barranquilla,569-Bar
570,45.0,Otro,5065.83,Posgrado,3.5,Pasto,570-Pas
571,36.0,Femenino,3078.52,Primaria,3.1,Barranquilla,571-Bar
572,32.0,Masculino,3505.31,Tecnólogo,1.3,Villavicencio,572-Vil
573,51.0,Femenino,3561.57,Técnico,2.3,Villavicencio,573-Vil
574,,Otro,6157.05,Técnico,7.2,Villavicencio,574-Vil
575,50.0,Otro,5002.39,Secundaria,3.6,Villavicencio,575-Vil
576,47.0,Masculino,5138.13,Posgrado,0.7,Medellín,576-Med
577,31.0,Otro,4853.53,Tecnólogo,3.9,Medellín,577-Med
578,33.0,Otro,3388.52,Tecnólogo,4.6,Barranquilla,578-Bar
579,58.0,Otro,3556.09,Técnico,4.1,Cali,579-Cal
580,37.0,Masculino,5180.74,Posgrado,0.8,Barranquilla,580-Bar
581,26.0,Otro,4586.21,Universitario,3.4,Villavicencio,581-Vil
582,21.0,Otro,2641.9,Tecnólogo,0.6,Cali,582-Cal
583,47.0,Femenino,5286.03,Tecnólogo,2.6,Pasto,583-Pas
584,37.0,Femenino,5916.73,Tecnólogo,-1.2,Bogotá,584-Bog
585,25.0,Otro,4506.39,Posgrado,0.2,Villavicencio,585-Vil
586,43.0,Otro,4184.04,Secundaria,3.5,Barranquilla,586-Bar
587,37.0,Femenino,5865.79,Posgrado,4.7,Villavicencio,587-Vil
588,15.0,Masculino,4304.27,Técnico,2.8,Barranquilla,588-Bar
589,42.0,Femenino,3886.18,Primaria,4.0,Barranquilla,589-Bar
590,51.0,Otro,2961.5,Técnico,5.8,Bogotá,590-Bog
591,,Masculino,4008.8,Posgrado,1.5,Barranquilla,591-Bar
592,35.0,Masculino,6367.0,Primaria,3.9,Pasto,592-Pas
593,38.0,Femenino,5663.8,Secundaria,4.9,Bogotá,593-Bog
594,54.0,Otro,4619.36,Secundaria,3.3,Pasto,594-Pas
595,37.0,Masculino,,Tecnólogo,3.6,Villavicencio,595-Vil
596,38.0,Femenino,5489.64,Técnico,3.7,Cali,596-Cal
597,27.0,Otro,4602.3,Primaria,2.3,Medellín,597-Med
598,18.0,Otro,,Técnico,4.9,Medellín,598-Med
599,46.0,Masculino,4644.29,Secundaria,1.1,Villavicencio,599-Vil
600,20.0,Otro,4675.51,Universitario,2.4,Barranquilla,600-Bar
601,49.0,Femenino,4512.9,Técnico,3.2,Bogotá,601-Bog
602,26.0,Otro,4757.45,Posgrado,4.4,Villavicencio,602-Vil
603,38.0,Femenino,3807.1,Secundaria,1.3,Barranquilla,603-Bar
604,31.0,Masculino,4655.07,Secundaria,4.4,Barranquilla,604-Bar
605,49.0,Femenino,2896.72,Universitario,2.8,Pasto,605-Pas
606,39.0,Masculino,3579.37,Universitario,4.5,Bogotá,606-Bog
607,59.0,Otro,4256.14,Primaria,6.2,Bogotá,607-Bog
608,22.0,Femenino,5102.54,Tecnólogo,4.4,Bogotá,608-Bog
609,40.0,Femenino,4202.67,Secundaria,3.5,Medellín,609-Med
610,36.0,Masculino,4940.2,Primaria,3.5,Bogotá,610-Bog
611,38.0,Masculino,,Universitario,4.0,Pasto,611-Pas
612,,Masculino,6920.23,Técnico,3.9,Barranquilla,612-Bar
613,42.0,Otro,4206.86,Técnico,1.7,Bogotá,613-Bog
614,21.0,Femenino,,Tecnólogo,3.4,Pasto,614-Pas
615,,Masculino,4538.59,Primaria,3.8,Barranquilla,615-Bar
616,,Otro,4698.43,Técnico,1.6,Bogotá,616-Bog
617,29.0,Otro,,Universitario,2.8,Cali,617-Cal
618,48.0,Otro,5312.55,Primaria,0.9,Cali,618-Cal
619,28.0,Femenino,4217.61,Secundaria,-1.0,Cali,619-Cal
620,30.0,Otro,5226.93,Universitario,2.7,Villavicencio,620-Vil
621,,Otro,4581.97,Primaria,2.5,Pasto,621-Pas
622,,Femenino,5727.37,Universitario,5.3,Medellín,622-Med
623,42.0,Femenino,4221.19,Universitario,0.9,Medellín,623-Med
624,32.0,Masculino,4640.26,Universitario,3.9,Villavicencio,624-Vil
625,32.0,Masculino,4770.26,Posgrado,3.3,Villavicencio,625-Vil
626,,Femenino,5632.53,Primaria,4.6,Cali,626-Cal
627,26.0,Femenino,4495.9,Primaria,2.4,Barranquilla,627-Bar
628,27.0,Otro,3463.4,Secundaria,3.9,Medellín,628-Med
629,33.0,Masculino,2804.38,Técnico,1.5,Cali,629-Cal
630,59.0,Otro,5534.01,Tecnólogo,3.7,Cali,630-Cal
631,27.0,Otro,5140.27,Primaria,3.2,Barranquilla,631-Bar
632,31.0,Masculino,6161.95,Tecnólogo,2.3,Cali,632-Cal
633,10.0,Masculino,,Secundaria,4.7,Cali,633-Cal
634,42.0,Otro,,Posgrado,3.2,Villavicencio,634-Vil
635,16.0,Femenino,4679.37,Tecnólogo,4.1,Barranquilla,635-Bar
636,,Masculino,3963.96,Universitario,5.3,Barranquilla,636-Bar
637,48.0,Masculino,3796.2,Posgrado,5.0,Bogotá,637-Bog
638,10.0,Femenino,4938.4,Tecnólogo,4.6,Pasto,638-Pas
639,36.0,Femenino,5680.84,Secundaria,2.7,Bogotá,639-Bog
640,45.0,Otro,5103.81,Técnico,3.5,Bogotá,640-Bog
641,53.0,Femenino,4019.0,Primaria,3.8,Villavicencio,641-Vil
642,24.0,Femenino,4924.65,Primaria,4.3,Pasto,642-Pas
643,28.0,Otro,4676.46,Tecnólogo,3.9,Cali,643-Cal
644,57.0,Otro,3936.65,Técnico,2.2,Barranquilla,644-Bar
645,35.0,Masculino,3277.49,Tecnólogo,2.6,Bogotá,645-Bog
646,26.0,Femenino,3669.39,Tecnólogo,2.7,Pasto,646-Pas
647,26.0,Masculino,5695.48,Posgrado,2.4,Pasto,647-Pas
648,23.0,Femenino,4753.62,Técnico,4.2,Medellín,648-Med
649,30.0,Femenino,3890.88,Universitario,0.3,Medellín,649-Med
650,48.0,Femenino,4576.57,Tecnólogo,2.1,Cali,650-Cal
651,46.0,Femenino,5110.85,Posgrado,2.5,Barranquilla,651-Bar
652,21.0,Femenino,3959.85,Secundaria,4.9,Pasto,652-Pas
653,38.0,Femenino,3734.98,Técnico,1.5,Cali,653-Cal
654,30.0,Otro,2723.6,Secundaria,3.8,Medellín,654-Med
655,44.0,Femenino,5588.55,Técnico,3.2,Medellín,655-Med
656,33.0,Masculino,5087.92,Técnico,2.0,Medellín,656-Med
657,39.0,Femenino,5169.39,Técnico,6.1,Pasto,657-Pas
658,33.0,Masculino,5061.92,Secundaria,4.1,Cali,658-Cal
659,9.0,Femenino,2472.41,Primaria,2.3,Medellín,659-Med
660,36.0,Femenino,4609.61,Universitario,4.8,Pasto,660-Pas
661,20.0,Masculino,4949.97,Posgrado,3.1,Pasto,661-Pas
662,44.0,Otro,4570.73,Secundaria,1.2,Villavicencio,662-Vil
663,27.0,Otro,2148.67,Tecnólogo,-1.4,Bogotá,663-Bog
664,28.0,Femenino,4375.19,Posgrado,4.0,Medellín,664-Med
665,35.0,Otro,4242.71,Secundaria,3.6,Villavicencio,665-Vil
666,42.0,Otro,5537.51,Primaria,1.7,Barranquilla,666-Bar
667,33.0,Otro,4396.07,Primaria,0.8,Bogotá,667-Bog
668,55.0,Femenino,3979.82,Tecnólogo,1.9,Barranquilla,668-Bar
669,55.0,Femenino,3979.23,Posgrado,2.2,Medellín,669-Med
670,56.0,Femenino,5222.85,Técnico,3.7,Barranquilla,670-Bar
671,32.0,Masculino,5172.51,Universitario,3.4,Cali,671-Cal
672,17.0,Masculino,4286.03,Primaria,2.4,Cali,672-Cal
673,50.0,Femenino,4101.12,Universitario,0.4,Villavicencio,673-Vil
674,,Otro,,Primaria,1.2,Cali,674-Cal
675,,Masculino,2458.35,Universitario,5.4,Cali,675-Cal
676,43.0,Otro,3664.55,Tecnólogo,2.3,Pasto,676-Pas
677,16.0,Otro,4356.12,Universitario,4.9,Medellín,677-Med
678,55.0,Femenino,3709.04,Técnico,4.4,Pasto,678-Pas
679,45.0,Femenino,2985.86,Primaria,0.5,Bogotá,679-Bog
680,39.0,Masculino,4463.17,Posgrado,4.2,Barranquilla,680-Bar
681,46.0,Masculino,4478.2,Secundaria,1.4,Villavicencio,681-Vil
682,42.0,Otro,5809.23,Posgrado,1.6,Pasto,682-Pas
683,36.0,Femenino,4141.28,Posgrado,4.2,Cali,683-Cal
684,31.0,Femenino,4265.34,Técnico,2.2,Bogotá,684-Bog
685,26.0,Femenino,3782.92,Tecnólogo,0.7,Barranquilla,685-Bar
686,38.0,Femenino,7103.86,Universitario,1.3,Barranquilla,686-Bar
687,39.0,Otro,5144.73,Posgrado,2.4,Cali,687-Cal
688,48.0,Masculino,3671.65,Técnico,4.0,Cali,688-Cal
689,37.0,Masculino,2530.01,Secundaria,0.8,Barranquilla,689-Bar
690,25.0,Masculino,3211.17,Posgrado,3.1,Barranquilla,690-Bar
691,16.0,Masculino,3580.77,Universitario,5.5,Cali,691-Cal
692,33.0,Otro,3138.19,Posgrado,1.0,Medellín,692-Med
693,,Otro,4381.3,Universitario,2.2,Medellín,693-Med
694,34.0,Masculino,3483.11,Posgrado,2.3,Villavicencio,694-Vil
695,17.0,Otro,,Tecnólogo,1.6,Bogotá,695-Bog
696,48.0,Masculino,5137.58,Secundaria,4.2,Barranquilla,696-Bar
697,48.0,Masculino,,Tecnólogo,2.8,Villavicencio,697-Vil
698,25.0,Femenino,1946.7,Primaria,2.9,Bogotá,698-Bog
699,45.0,Femenino,5437.03,Tecnólogo,5.2,Barranquilla,699-Bar
700,46.0,Otro,6290.41,Tecnólogo,3.4,Barranquilla,700-Bar
701,35.0,Femenino,4540.34,Posgrado,2.9,Villavicencio,701-Vil
702,24.0,Femenino,5186.48,Primaria,2.9,Villavicencio,702-Vil
703,54.0,Otro,5171.38,Universitario,1.8,Cali,703-Cal
704,,Otro,6855.24,Primaria,4.8,Cali,704-Cal
705,32.0,Masculino,3509.7,Tecnólogo,2.3,Pasto,705-Pas
706,44.0,Masculino,,Técnico,3.0,Medellín,706-Med
707,54.0,Otro,,Universitario,-0.1,Bogotá,707-Bog
708,29.0,Otro,4554.17,Tecnólogo,4.0,Villavicencio,708-Vil
709,43.0,Masculino,4292.7,Posgrado,5.1,Barranquilla,709-Bar
710,58.0,Otro,4417.74,Universitario,4.9,Villavicencio,710-Vil
711,22.0,Otro,4642.69,Universitario,1.4,Barranquilla,711-Bar
712,28.0,Femenino,6478.0,Técnico,3.9,Villavicencio,712-Vil
713,28.0,Otro,4774.03,Técnico,3.1,Cali,713-Cal
714,33.0,Masculino,5329.42,Primaria,2.1,Medellín,714-Med
715,32.0,Otro,5167.91,Técnico,3.8,Cali,715-Cal
716,39.0,Masculino,4856.44,Universitario,4.0,Villavicencio,716-Vil
717,25.0,Femenino,4233.62,Primaria,3.7,Medellín,717-Med
718,28.0,Femenino,5304.75,Tecnólogo,3.7,Medellín,718-Med
719,39.0,Otro,2749.36,Técnico,2.9,Barranquilla,719-Bar
720,37.0,Masculino,6039.89,Tecnólogo,5.5,Bogotá,720-Bog
721,45.0,Otro,5167.53,Tecnólogo,1.7,Barranquilla,721-Bar
722,40.0,Masculino,4600.46,Universitario,3.6,Bogotá,722-Bog
723,44.0,Otro,4487.39,Posgrado,1.0,Bogotá,723-Bog
724,21.0,Femenino,4719.91,Secundaria,2.8,Pasto,724-Pas
725,30.0,Otro,5313.62,Tecnólogo,3.4,Cali,725-Cal
726,57.0,Masculino,4962.95,Universitario,3.3,Barranquilla,726-Bar
727,40.0,Otro,5865.37,Universitario,4.0,Medellín,727-Med
728,44.0,Masculino,6214.98,Tecnólogo,1.8,Pasto,728-Pas
729,38.0,Otro,5593.97,Primaria,1.8,Villavicencio,729-Vil
730,40.0,Otro,3008.46,Posgrado,1.1,Pasto,730-Pas
731,32.0,Masculino,3978.8,Técnico,1.8,Pasto,731-Pas
732,78.0,Femenino,5477.24,Universitario,2.0,Bogotá,732-Bog
733,30.0,Femenino,6630.32,Universitario,1.7,Cali,733-Cal
734,35.0,Femenino,,Universitario,0.9,Medellín,734-Med
735,6.0,Otro,5100.05,Universitario,3.5,Cali,735-Cal
736,48.0,Masculino,5727.93,Primaria,2.6,Cali,736-Cal
737,28.0,Otro,4605.97,Posgrado,3.2,Cali,737-Cal
738,34.0,Masculino,3281.93,Universitario,2.4,Villavicencio,738-Vil
739,29.0,Femenino,,Tecnólogo,6.2,Medellín,739-Med
740,33.0,Otro,,Primaria,0.0,Villavicencio,740-Vil
741,32.0,Otro,3759.92,Técnico,2.1,Medellín,741-Med
742,34.0,Femenino,,Primaria,0.7,Medellín,742-Med
743,34.0,Masculino,4555.18,Secundaria,4.1,Bogotá,743-Bog
744,33.0,Otro,3582.66,Tecnólogo,2.0,Barranquilla,744-Bar
745,33.0,Femenino,6176.29,Posgrado,3.4,Barranquilla,745-Bar
746,51.0,Masculino,5020.67,Universitario,1.1,Bogotá,746-Bog
747,46.0,Otro,5405.44,Técnico,3.0,Villavicencio,747-Vil
748,,Femenino,4456.8,Universitario,2.8,Pasto,748-Pas
749,,Otro,,Tecnólogo,2.2,Pasto,749-Pas
750,50.0,Masculino,5822.85,Técnico,7.6,Villavicencio,750-Vil
751,49.0,Femenino,3979.83,Universitario,3.4,Cali,751-Cal
752,,Otro,4143.76,Posgrado,0.2,Villavicencio,752-Vil
753,53.0,Femenino,,Secundaria,6.3,Medellín,753-Med
754,27.0,Femenino,,Primaria,2.7,Cali,754-Cal
755,13.0,Femenino,5407.27,Universitario,1.3,Villavicencio,755-Vil
756,48.0,Masculino,,Secundaria,1.9,Bogotá,756-Bog
757,34.0,Femenino,3416.64,Universitario,4.4,Pasto,757-Pas
758,47.0,Masculino,3651.67,Primaria,4.6,Barranquilla,758-Bar
759,26.0,Femenino,5383.9,Tecnólogo,3.7,Cali,759-Cal
760,20.0,Femenino,5382.59,Primaria,1.9,Medellín,760-Med
761,50.0,Otro,4820.63,Universitario,4.0,Villavicencio,761-Vil
762,18.0,Masculino,4796.88,Tecnólogo,3.4,Medellín,762-Med
763,16.0,Masculino,2848.61,Primaria,3.3,Barranquilla,763-Bar
764,12.0,Masculino,4819.03,Universitario,3.1,Cali,764-Cal
765,1.0,Femenino,2926.66,Primaria,2.6,Cali,765-Cal
766,23.0,Masculino,5325.68,Posgrado,3.2,Pasto,766-Pas
767,9.0,Otro,4184.75,Posgrado,2.2,Cali,767-Cal
768,35.0,Masculino,4742.3,Posgrado,4.0,Villavicencio,768-Vil
769,8.0,Otro,4286.59,Tecnólogo,3.4,Medellín,769-Med
770,22.0,Masculino,4419.8,Tecnólogo,5.9,Barranquilla,770-Bar
771,63.0,Otro,3386.16,Universitario,1.2,Pasto,771-Pas
772,39.0,Femenino,4331.2,Tecnólogo,4.9,Bogotá,772-Bog
773,36.0,Femenino,4436.93,Tecnólogo,1.6,Pasto,773-Pas
774,16.0,Masculino,4706.65,Primaria,2.1,Cali,774-Cal
775,,Femenino,5044.65,Posgrado,2.8,Villavicencio,775-Vil
776,36.0,Otro,,Tecnólogo,5.3,Bogotá,776-Bog
777,16.0,Masculino,4769.63,Primaria,1.7,Bogotá,777-Bog
778,37.0,Femenino,3847.69,Técnico,4.6,Medellín,778-Med
779,49.0,Masculino,3200.5,Posgrado,4.5,Villavicencio,779-Vil
780,31.0,Otro,3497.58,Secundaria,4.8,Bogotá,780-Bog
781,33.0,Masculino,3682.49,Técnico,2.1,Villavicencio,781-Vil
782,,Masculino,5346.35,Universitario,4.3,Pasto,782-Pas
783,18.0,Femenino,5575.53,Universitario,3.0,Pasto,783-Pas
784,48.0,Otro,,Primaria,3.7,Pasto,784-Pas
785,27.0,Otro,3339.99,Tecnólogo,2.4,Bogotá,785-Bog
786,24.0,Femenino,2877.45,Técnico,0.1,Pasto,786-Pas
787,,Otro,3876.3,Tecnólogo,3.3,Barranquilla,787-Bar
788,34.0,Masculino,4915.71,Tecnólogo,4.2,Bogotá,788-Bog
789,21.0,Femenino,3412.36,Secundaria,4.4,Pasto,789-Pas
790,37.0,Masculino,5686.14,Universitario,3.6,Bogotá,790-Bog
791,,Femenino,4866.68,Universitario,2.5,Cali,791-Cal
792,44.0,Femenino,5566.1,Técnico,1.9,Cali,792-Cal
793,22.0,Masculino,3703.47,Secundaria,4.2,Bogotá,793-Bog
794,51.0,Femenino,5212.12,Tecnólogo,4.4,Medellín,794-Med
795,35.0,Femenino,3390.67,Tecnólogo,2.9,Villavicencio,795-Vil
796,25.0,Masculino,,Primaria,3.4,Bogotá,796-Bog
797,46.0,Femenino,5940.74,Secundaria,3.3,Bogotá,797-Bog
798,,Masculino,5926.17,Primaria,2.3,Medellín,798-Med
799,28.0,Otro,3968.69,Universitario,4.3,Cali,799-Cal
800,35.0,Otro,3617.71,Universitario,5.2,Pasto,800-Pas
801,34.0,Masculino,4334.24,Secundaria,0.5,Villavicencio,801-Vil
802,11.0,Femenino,6071.07,Secundaria,3.8,Pasto,802-Pas
803,24.0,Masculino,3137.71,Universitario,3.6,Medellín,803-Med
804,37.0,Otro,2986.73,Posgrado,2.8,Cali,804-Cal
805,19.0,Masculino,2454.48,Universitario,1.5,Barranquilla,805-Bar
806,50.0,Masculino,,Universitario,5.6,Bogotá,806-Bog
807,41.0,Otro,2800.76,Universitario,2.7,Cali,807-Cal
808,29.0,Masculino,5690.9,Técnico,5.6,Pasto,808-Pas
809,32.0,Masculino,6140.8,Universitario,4.3,Cali,809-Cal
810,,Masculino,4363.16,Universitario,3.1,Barranquilla,810-Bar
811,46.0,Masculino,6893.08,Tecnólogo,2.7,Barranquilla,811-Bar
812,40.0,Masculino,4733.5,Técnico,3.3,Cali,812-Cal
813,18.0,Otro,3995.1,Tecnólogo,3.8,Villavicencio,813-Vil
814,55.0,Femenino,3978.67,Técnico,3.3,Barranquilla,814-Bar
815,48.0,Masculino,5932.95,Posgrado,2.4,Medellín,815-Med
816,,Otro,5292.81,Primaria,4.6,Pasto,816-Pas
817,28.0,Masculino,2469.73,Posgrado,5.5,Villavicencio,817-Vil
818,33.0,Otro,2619.78,Técnico,3.0,Medellín,818-Med
819,,Masculino,3030.53,Posgrado,3.2,Medellín,819-Med
820,29.0,Femenino,3907.39,Secundaria,4.1,Barranquilla,820-Bar
821,44.0,Masculino,3201.12,Técnico,2.5,Barranquilla,821-Bar
822,13.0,Femenino,3735.42,Primaria,-0.1,Pasto,822-Pas
823,31.0,Masculino,3677.21,Técnico,3.2,Pasto,823-Pas
824,36.0,Femenino,3379.49,Técnico,4.6,Bogotá,824-Bog
825,36.0,Otro,6619.52,Posgrado,1.1,Cali,825-Cal
826,21.0,Otro,5919.22,Secundaria,-0.2,Villavicencio,826-Vil
827,21.0,Masculino,6279.97,Posgrado,3.9,Cali,827-Cal
828,48.0,Femenino,6178.4,Técnico,1.5,Pasto,828-Pas
829,20.0,Masculino,4429.15,Universitario,0.9,Barranquilla,829-Bar
830,47.0,Masculino,4610.65,Técnico,1.2,Bogotá,830-Bog
831,29.0,Masculino,3572.36,Posgrado,3.5,Medellín,831-Med
832,48.0,Otro,4648.38,Universitario,5.0,Barranquilla,832-Bar
833,30.0,Masculino,3499.74,Posgrado,0.9,Bogotá,833-Bog
834,21.0,Otro,,Tecnólogo,3.3,Bogotá,834-Bog
835,45.0,Masculino,3732.97,Primaria,3.4,Bogotá,835-Bog
836,35.0,Otro,5372.15,Universitario,3.3,Cali,836-Cal
837,52.0,Masculino,4596.99,Universitario,3.9,Barranquilla,837-Bar
838,46.0,Masculino,5102.85,Primaria,3.0,Barranquilla,838-Bar
839,32.0,Otro,4517.1,Tecnólogo,0.9,Pasto,839-Pas
840,30.0,Otro,3581.29,Tecnólogo,3.4,Medellín,840-Med
841,35.0,Femenino,5019.48,Universitario,4.6,Cali,841-Cal
842,,Masculino,4594.83,Secundaria,2.6,Cali,842-Cal
843,24.0,Masculino,5815.91,Primaria,1.8,Medellín,843-Med
844,45.0,Femenino,5854.98,Tecnólogo,4.2,Cali,844-Cal
845,30.0,Otro,4203.68,Tecnólogo,2.2,Barranquilla,845-Bar
846,30.0,Otro,4621.3,Universitario,2.6,Pasto,846-Pas
847,29.0,Femenino,3604.67,Secundaria,4.3,Cali,847-Cal
848,38.0,Masculino,3640.22,Posgrado,3.9,Bogotá,848-Bog
849,27.0,Femenino,3923.44,Secundaria,6.6,Bogotá,849-Bog
850,37.0,Otro,4992.09,Técnico,2.4,Cali,850-Cal
851,68.0,Otro,3979.8,Secundaria,4.7,Medellín,851-Med
852,34.0,Otro,6045.39,Posgrado,1.7,Cali,852-Cal
853,30.0,Femenino,4973.47,Técnico,6.2,Cali,853-Cal
854,15.0,Masculino,4231.45,Técnico,5.2,Medellín,854-Med
855,36.0,Otro,5515.79,Universitario,4.2,Barranquilla,855-Bar
856,22.0,Masculino,3765.08,Técnico,1.0,Pasto,856-Pas
857,30.0,Otro,3855.65,Secundaria,3.8,Barranquilla,857-Bar
858,37.0,Otro,5847.26,Universitario,2.0,Pasto,858-Pas
859,14.0,Otro,3193.39,Secundaria,4.1,Cali,859-Cal
860,37.0,Otro,4350.36,Posgrado,3.3,Barranquilla,860-Bar
861,39.0,Masculino,,Universitario,2.7,Barranquilla,861-Bar
862,19.0,Femenino,,Secundaria,5.9,Villavicencio,862-Vil
863,30.0,Otro,5485.81,Tecnólogo,1.8,Pasto,863-Pas
864,13.0,Masculino,5362.55,Secundaria,2.2,Bogotá,864-Bog
865,54.0,Otro,,Tecnólogo,4.1,Medellín,865-Med
866,39.0,Femenino,,Primaria,2.1,Medellín,866-Med
867,33.0,Otro,5141.66,Tecnólogo,2.2,Villavicencio,867-Vil
868,33.0,Otro,2497.8,Universitario,4.4,Medellín,868-Med
869,49.0,Femenino,4095.28,Primaria,4.4,Barranquilla,869-Bar
870,34.0,Otro,4537.46,Tecnólogo,5.9,Medellín,870-Med
871,39.0,Masculino,3910.46,Universitario,3.9,Pasto,871-Pas
872,53.0,Otro,4685.78,Tecnólogo,4.6,Villavicencio,872-Vil
873,,Femenino,6882.44,Universitario,3.1,Villavicencio,873-Vil
874,22.0,Femenino,4612.68,Tecnólogo,2.7,Villavicencio,874-Vil
875,,Otro,4911.34,Técnico,3.3,Cali,875-Cal
876,52.0,Otro,4702.74,Tecnólogo,2.2,Bogotá,876-Bog
877,36.0,Otro,3301.96,Secundaria,4.7,Villavicencio,877-Vil
878,29.0,Otro,3011.95,Tecnólogo,1.8,Pasto,878-Pas
879,47.0,Femenino,2879.82,Tecnólogo,4.2,Medellín,879-Med
880,47.0,Femenino,4781.07,Tecnólogo,6.1,Barranquilla,880-Bar
881,29.0,Masculino,,Tecnólogo,2.9,Cali,881-Cal
882,23.0,Otro,5142.86,Tecnólogo,4.9,Cali,882-Cal
883,,Femenino,4297.86,Primaria,3.6,Barranquilla,883-Bar
884,13.0,Otro,4951.93,Secundaria,3.2,Bogotá,884-Bog
885,32.0,Masculino,3173.27,Posgrado,4.3,Cali,885-Cal
886,24.0,Femenino,,Universitario,4.0,Bogotá,886-Bog
887,57.0,Femenino,4440.93,Posgrado,3.8,Barranquilla,887-Bar
888,,Masculino,2606.63,Posgrado,3.1,Bogotá,888-Bog
889,12.0,Masculino,5733.52,Primaria,2.0,Medellín,889-Med
890,52.0,Masculino,3226.71,Posgrado,5.5,Pasto,890-Pas
891,37.0,Otro,3278.06,Técnico,3.5,Cali,891-Cal
892,43.0,Otro,3302.33,Técnico,4.3,Barranquilla,892-Bar
893,43.0,Masculino,4189.67,Técnico,6.2,Bogotá,893-Bog
894,39.0,Masculino,5087.23,Primaria,4.5,Pasto,894-Pas
895,41.0,Femenino,5058.14,Primaria,1.5,Barranquilla,895-Bar
896,38.0,Masculino,7021.37,Posgrado,1.4,Bogotá,896-Bog
897,22.0,Masculino,,Técnico,6.1,Villavicencio,897-Vil
898,39.0,Femenino,,Universitario,0.5,Pasto,898-Pas
899,47.0,Masculino,3136.36,Secundaria,1.9,Pasto,899-Pas
900,32.0,Femenino,3403.16,Técnico,4.0,Barranquilla,900-Bar
901,42.0,Masculino,5620.67,Universitario,3.5,Pasto,901-Pas
902,40.0,Masculino,3996.9,Técnico,0.8,Bogotá,902-Bog
903,57.0,Femenino,4951.74,Tecnólogo,3.2,Medellín,903-Med
904,32.0,Otro,4532.02,Tecnólogo,6.0,Barranquilla,904-Bar
905,31.0,Masculino,,Universitario,1.7,Barranquilla,905-Bar
906,34.0,Otro,3675.8,Técnico,0.7,Medellín,906-Med
907,34.0,Femenino,2624.83,Universitario,2.0,Cali,907-Cal
908,8.0,Masculino,4297.03,Primaria,3.2,Cali,908-Cal
909,27.0,Femenino,4579.15,Universitario,2.4,Barranquilla,909-Bar
910,39.0,Femenino,,Posgrado,4.5,Villavicencio,910-Vil
911,35.0,Otro,5493.38,Técnico,4.8,Barranquilla,911-Bar
912,25.0,Masculino,3175.44,Tecnólogo,5.1,Cali,912-Cal
913,27.0,Masculino,4546.5,Secundaria,4.4,Barranquilla,913-Bar
914,31.0,Otro,3496.18,Posgrado,2.7,Bogotá,914-Bog
915,25.0,Masculino,4880.72,Posgrado,2.2,Bogotá,915-Bog
916,29.0,Masculino,3603.28,Universitario,3.1,Villavicencio,916-Vil
917,29.0,Otro,5312.57,Universitario,4.6,Medellín,917-Med
918,46.0,Masculino,5137.36,Tecnólogo,1.7,Cali,918-Cal
919,47.0,Otro,4832.71,Posgrado,3.5,Pasto,919-Pas
920,,Otro,4758.24,Universitario,4.6,Barranquilla,920-Bar
921,40.0,Femenino,4785.74,Tecnólogo,4.7,Villavicencio,921-Vil
922,27.0,Otro,4833.28,Técnico,4.0,Medellín,922-Med
923,47.0,Otro,,Posgrado,1.4,Barranquilla,923-Bar
924,31.0,Femenino,4145.23,Tecnólogo,2.7,Medellín,924-Med
925,35.0,Femenino,3379.19,Primaria,2.9,Cali,925-Cal
926,51.0,Otro,4456.21,Primaria,0.2,Medellín,926-Med
927,36.0,Otro,5013.01,Primaria,1.7,Bogotá,927-Bog
928,38.0,Femenino,5011.6,Posgrado,5.1,Cali,928-Cal
929,18.0,Femenino,6230.06,Técnico,2.3,Barranquilla,929-Bar
930,41.0,Femenino,4000.7,Técnico,0.8,Pasto,930-Pas
931,23.0,Femenino,3089.22,Posgrado,3.7,Medellín,931-Med
932,47.0,Otro,3955.17,Universitario,4.8,Bogotá,932-Bog
933,33.0,Masculino,4077.41,Tecnólogo,0.4,Pasto,933-Pas
934,8.0,Masculino,,Tecnólogo,2.7,Bogotá,934-Bog
935,31.0,Masculino,3460.79,Primaria,1.7,Barranquilla,935-Bar
936,32.0,Otro,4363.63,Posgrado,1.8,Medellín,936-Med
937,41.0,Otro,4430.89,Tecnólogo,1.5,Cali,937-Cal
938,,Femenino,3461.73,Tecnólogo,3.4,Bogotá,938-Bog
939,31.0,Otro,3355.56,Secundaria,2.9,Bogotá,939-Bog
940,47.0,Masculino,4869.96,Primaria,5.1,Cali,940-Cal
941,-3.0,Otro,4971.59,Posgrado,1.4,Cali,941-Cal
942,26.0,Femenino,3681.34,Tecnólogo,5.3,Cali,942-Cal
943,22.0,Femenino,4327.99,Universitario,3.0,Pasto,943-Pas
944,20.0,Otro,4996.62,Técnico,3.2,Villavicencio,944-Vil
945,47.0,Otro,4630.76,Tecnólogo,1.8,Bogotá,945-Bog
946,45.0,Femenino,,Técnico,3.6,Cali,946-Cal
947,26.0,Otro,3157.8,Primaria,5.1,Cali,947-Cal
948,49.0,Masculino,2943.23,Universitario,1.7,Medellín,948-Med
949,36.0,Masculino,5222.83,Tecnólogo,4.7,Bogotá,949-Bog
950,30.0,Femenino,4850.12,Secundaria,2.0,Cali,950-Cal
951,27.0,Otro,,Secundaria,2.3,Villavicencio,951-Vil
952,26.0,Masculino,5587.26,Primaria,3.4,Barranquilla,952-Bar
953,,Otro,3855.02,Secundaria,2.9,Pasto,953-Pas
954,43.0,Masculino,5011.88,Técnico,2.8,Pasto,954-Pas
955,38.0,Otro,,Secundaria,3.0,Bogotá,955-Bog
956,10.0,Femenino,,Universitario,6.0,Villavicencio,956-Vil
957,,Otro,4076.11,Técnico,3.2,Barranquilla,957-Bar
958,42.0,Otro,5671.53,Técnico,1.4,Bogotá,958-Bog
959,27.0,Femenino,4113.75,Universitario,1.2,Villavicencio,959-Vil
960,36.0,Femenino,6008.26,Universitario,2.6,Medellín,960-Med
961,13.0,Masculino,4655.43,Universitario,5.8,Bogotá,961-Bog
962,,Femenino,4246.41,Posgrado,6.9,Cali,962-Cal
963,31.0,Masculino,3495.74,Universitario,4.4,Villavicencio,963-Vil
964,31.0,Masculino,5176.5,Universitario,1.2,Villavicencio,964-Vil
965,39.0,Masculino,4706.14,Posgrado,1.6,Pasto,965-Pas
966,,Femenino,4421.72,Posgrado,1.2,Medellín,966-Med
967,31.0,Masculino,4599.91,Universitario,1.6,Pasto,967-Pas
968,29.0,Masculino,4378.57,Tecnólogo,-0.6,Cali,968-Cal
969,41.0,Femenino,,Tecnólogo,3.9,Villavicencio,969-Vil
970,52.0,Femenino,5154.49,Técnico,2.1,Bogotá,970-Bog
971,56.0,Masculino,6357.15,Primaria,5.8,Bogotá,971-Bog
972,16.0,Femenino,6198.03,Secundaria,3.6,Villavicencio,972-Vil
973,34.0,Femenino,4605.54,Técnico,4.1,Medellín,973-Med
974,22.0,Otro,4246.48,Tecnólogo,0.3,Villavicencio,974-Vil
975,34.0,Femenino,4584.65,Universitario,2.2,Medellín,975-Med
976,40.0,Otro,3878.61,Universitario,1.2,Bogotá,976-Bog
977,36.0,Otro,4781.03,Primaria,0.5,Villavicencio,977-Vil
978,34.0,Femenino,4874.49,Posgrado,3.9,Cali,978-Cal
979,53.0,Otro,,Primaria,3.1,Villavicencio,979-Vil
980,44.0,Masculino,4171.15,Secundaria,0.7,Medellín,980-Med
981,32.0,Masculino,5374.2,Universitario,5.0,Barranquilla,981-Bar
982,35.0,Masculino,5400.47,Tecnólogo,3.9,Villavicencio,982-Vil
983,45.0,Otro,3241.69,Secundaria,2.0,Bogotá,983-Bog
984,42.0,Otro,5595.85,Tecnólogo,3.8,Pasto,984-Pas
985,30.0,Femenino,4214.3,Secundaria,3.2,Cali,985-Cal
986,14.0,Otro,4473.29,Posgrado,2.1,Medellín,986-Med
987,21.0,Masculino,4337.02,Posgrado,1.9,Pasto,987-Pas
988,,Otro,2386.29,Universitario,4.1,Medellín,988-Med
989,14.0,Masculino,4921.07,Tecnólogo,3.5,Villavicencio,989-Vil
990,33.0,Masculino,2891.35,Posgrado,0.7,Pasto,990-Pas
991,30.0,Femenino,5330.08,Técnico,4.1,Barranquilla,991-Bar
992,47.0,Femenino,3197.9,Posgrado,1.1,Pasto,992-Pas
993,19.0,Otro,5560.17,Posgrado,2.2,Bogotá,993-Bog
994,12.0,Otro,4731.08,Secundaria,4.3,Villavicencio,994-Vil
995,30.0,Femenino,5108.39,Posgrado,2.8,Medellín,995-Med
996,43.0,Otro,3782.99,Técnico,4.3,Cali,996-Cal
997,48.0,Masculino,2691.02,Secundaria,5.9,Medellín,997-Med
998,24.0,Masculino,3519.01,Secundaria,1.9,Cali,998-Cal
999,41.0,Otro,4820.83,Tecnólogo,3.9,Villavicencio,999-Vil
1000,22.0,Otro,4956.78,Tecnólogo,4.3,Bogotá,1000-Bog
1001,26.0,Otro,,Posgrado,4.9,Barranquilla,1001-Bar
1002,42.0,Masculino,,Primaria,3.2,Pasto,1002-Pas
1003,44.0,Masculino,4480.96,Secundaria,1.7,Barranquilla,1003-Bar
1004,,Otro,2859.63,Técnico,0.7,Bogotá,1004-Bog
1005,41.0,Femenino,4769.27,Primaria,4.1,Villavicencio,1005-Vil
1006,13.0,Otro,,Secundaria,4.5,Medellín,1006-Med
1007,33.0,Masculino,5322.15,Técnico,4.5,Bogotá,1007-Bog
1008,21.0,Femenino,4724.95,Posgrado,4.0,Pasto,1008-Pas
1009,,Masculino,4650.49,Primaria,1.4,Barranquilla,1009-Bar
1010,20.0,Otro,4211.15,Universitario,4.4,Bogotá,1010-Bog
1011,,Femenino,5623.23,Posgrado,0.1,Cali,1011-Cal
1012,,Otro,3591.09,Posgrado,4.2,Bogotá,1012-Bog
1013,27.0,Otro,4836.29,Posgrado,1.4,Bogotá,1013-Bog
1014,40.0,Masculino,4541.95,Tecnólogo,1.3,Bogotá,1014-Bog
1015,38.0,Masculino,,Posgrado,0.9,Pasto,1015-Pas
1016,33.0,Femenino,4424.67,Universitario,0.2,Bogotá,1016-Bog
1017,61.0,Otro,3553.8,Secundaria,4.4,Medellín,1017-Med
1018,25.0,Otro,6540.43,Técnico,1.0,Bogotá,1018-Bog
1019,35.0,Otro,5515.92,Técnico,3.5,Bogotá,1019-Bog
1020,30.0,Otro,2866.21,Universitario,5.3,Medellín,1020-Med
1021,31.0,Femenino,4049.4,Tecnólogo,1.3,Bogotá,1021-Bog
1022,37.0,Masculino,5109.59,Técnico,4.0,Cali,1022-Cal
1023,31.0,Femenino,5673.74,Técnico,1.3,Pasto,1023-Pas
1024,25.0,Femenino,,Tecnólogo,2.2,Barranquilla,1024-Bar
1025,36.0,Otro,6404.72,Primaria,1.5,Villavicencio,1025-Vil
1026,,Masculino,4633.49,Universitario,1.9,Barranquilla,1026-Bar
1027,46.0,Femenino,5781.84,Tecnólogo,3.9,Villavicencio,1027-Vil
1028,37.0,Femenino,3340.81,Técnico,3.2,Villavicencio,1028-Vil
1029,26.0,Otro,5370.5,Universitario,0.9,Medellín,1029-Med
1030,,Otro,4290.36,Universitario,1.1,Cali,1030-Cal
1031,48.0,Masculino,4353.33,Posgrado,5.0,Medellín,1031-Med
1032,49.0,Femenino,5880.59,Primaria,0.6,Villavicencio,1032-Vil
1033,39.0,Femenino,,Posgrado,5.2,Barranquilla,1033-Bar
1034,31.0,Otro,4331.87,Posgrado,1.8,Bogotá,1034-Bog
1035,33.0,Otro,7052.23,Universitario,3.1,Bogotá,1035-Bog
1036,44.0,Femenino,5758.83,Posgrado,3.3,Medellín,1036-Med
1037,43.0,Otro,4058.23,Tecnólogo,2.3,Cali,1037-Cal
1038,14.0,Otro,2077.16,Primaria,3.8,Pasto,1038-Pas
1039,43.0,Otro,4777.81,Universitario,2.6,Pasto,1039-Pas
1040,44.0,Masculino,4108.94,Técnico,1.7,Cali,1040-Cal
1041,24.0,Otro,3873.46,Tecnólogo,1.8,Villavicencio,1041-Vil
1042,26.0,Femenino,4004.39,Universitario,2.5,Bogotá,1042-Bog
1043,26.0,Femenino,4653.13,Secundaria,5.4,Medellín,1043-Med
1044,27.0,Masculino,5814.91,Técnico,3.0,Medellín,1044-Med
1045,18.0,Otro,3519.68,Universitario,2.1,Villavicencio,1045-Vil
1046,39.0,Masculino,4429.62,Secundaria,1.2,Barranquilla,1046-Bar
1047,26.0,Femenino,4298.25,Tecnólogo,2.9,Barranquilla,1047-Bar
1048,34.0,Otro,3676.23,Universitario,2.2,Barranquilla,1048-Bar
1049,29.0,Femenino,4781.3,Posgrado,-0.3,Bogotá,1049-Bog
1050,38.0,Masculino,6272.11,Secundaria,3.8,Bogotá,1050-Bog
1051,23.0,Masculino,5116.18,Tecnólogo,4.2,Bogotá,1051-Bog
1052,38.0,Femenino,4571.11,Secundaria,3.8,Pasto,1052-Pas
1053,40.0,Otro,4061.22,Tecnólogo,5.7,Medellín,1053-Med
1054,45.0,Masculino,4546.79,Primaria,3.6,Pasto,1054-Pas
1055,59.0,Otro,2782.46,Tecnólogo,2.5,Bogotá,1055-Bog
1056,10.0,Masculino,4439.82,Primaria,3.8,Medellín,1056-Med
1057,39.0,Masculino,4306.7,Secundaria,4.3,Barranquilla,1057-Bar
1058,26.0,Femenino,4977.35,Tecnólogo,2.9,Barranquilla,1058-Bar
1059,12.0,Otro,5448.5,Posgrado,3.4,Villavicencio,1059-Vil
1060,45.0,Femenino,,Posgrado,2.8,Villavicencio,1060-Vil
1061,51.0,Femenino,4368.06,Tecnólogo,5.1,Bogotá,1061-Bog
1062,30.0,Femenino,3982.59,Universitario,4.9,Cali,1062-Cal
1063,38.0,Masculino,3872.61,Técnico,2.7,Villavicencio,1063-Vil
1064,34.0,Otro,3718.29,Técnico,1.8,Medellín,1064-Med
1065,40.0,Otro,3884.94,Tecnólogo,2.9,Bogotá,1065-Bog
1066,46.0,Femenino,4376.87,Técnico,0.5,Barranquilla,1066-Bar
1067,39.0,Otro,3279.75,Primaria,4.2,Villavicencio,1067-Vil
1068,,Femenino,4943.23,Primaria,4.3,Villavicencio,1068-Vil
1069,50.0,Masculino,4391.49,Técnico,1.5,Cali,1069-Cal
1070,33.0,Masculino,3665.11,Técnico,4.3,Barranquilla,1070-Bar
1071,46.0,Femenino,3859.87,Posgrado,2.7,Villavicencio,1071-Vil
1072,,Otro,5338.91,Universitario,5.8,Barranquilla,1072-Bar
1073,,Otro,5404.15,Primaria,6.5,Pasto,1073-Pas
1074,44.0,Femenino,6888.72,Primaria,2.7,Cali,1074-Cal
1075,,Masculino,5067.12,Primaria,0.7,Bogotá,1075-Bog
1076,10.0,Masculino,3824.39,Primaria,4.9,Medellín,1076-Med
1077,35.0,Otro,3778.85,Secundaria,5.7,Pasto,1077-Pas
1078,21.0,Femenino,4889.15,Técnico,4.2,Bogotá,1078-Bog
1079,39.0,Otro,5305.64,Técnico,3.1,Medellín,1079-Med
1080,52.0,Otro,5907.75,Posgrado,4.7,Cali,1080-Cal
1081,,Femenino,3625.77,Posgrado,1.3,Medellín,1081-Med
1082,33.0,Femenino,4600.98,Posgrado,4.7,Bogotá,1082-Bog
1083,39.0,Masculino,3338.41,Tecnólogo,1.9,Pasto,1083-Pas
1084,38.0,Otro,,Universitario,2.7,Bogotá,1084-Bog
1085,7.0,Otro,,Secundaria,5.0,Cali,1085-Cal
1086,38.0,Otro,5955.27,Secundaria,4.9,Villavicencio,1086-Vil
1087,42.0,Otro,3721.98,Secundaria,2.8,Villavicencio,1087-Vil
1088,32.0,Femenino,5109.13,Secundaria,2.0,Medellín,1088-Med
1089,47.0,Femenino,4651.13,Universitario,3.2,Barranquilla,1089-Bar
1090,33.0,Otro,4549.08,Primaria,1.7,Bogotá,1090-Bog
1091,44.0,Otro,2695.73,Secundaria,4.8,Bogotá,1091-Bog
1092,62.0,Otro,4408.9,Secundaria,2.0,Cali,1092-Cal
1093,34.0,Otro,3520.45,Primaria,1.5,Medellín,1093-Med
1094,12.0,Otro,3915.0,Universitario,4.3,Cali,1094-Cal
1095,31.0,Otro,4988.72,Secundaria,3.5,Medellín,1095-Med
1096,14.0,Otro,7217.43,Universitario,2.1,Pasto,1096-Pas
1097,42.0,Femenino,6398.21,Tecnólogo,2.2,Bogotá,1097-Bog
1098,51.0,Otro,5016.64,Posgrado,2.7,Villavicencio,1098-Vil
1099,,Otro,4885.39,Primaria,1.6,Medellín,1099-Med
1100,,Masculino,4149.17,Primaria,3.3,Bogotá,1100-Bog
1101,27.0,Femenino,3498.96,Universitario,2.7,Villavicencio,1101-Vil
1102,54.0,Femenino,4942.97,Posgrado,0.5,Bogotá,1102-Bog
1103,44.0,Otro,4055.55,Posgrado,2.4,Villavicencio,1103-Vil
1104,38.0,Masculino,6256.21,Técnico,5.1,Pasto,1104-Pas
1105,37.0,Femenino,6646.38,Posgrado,1.6,Pasto,1105-Pas
1106,36.0,Otro,6640.42,Técnico,2.1,Bogotá,1106-Bog
1107,,Otro,3864.5,Tecnólogo,2.4,Cali,1107-Cal
1108,28.0,Masculino,3992.73,Universitario,2.8,Bogotá,1108-Bog
1109,,Otro,3289.08,Universitario,0.9,Medellín,1109-Med
1110,37.0,Masculino,5148.4,Primaria,1.8,Bogotá,1110-Bog
1111,42.0,Otro,3645.16,Posgrado,2.7,Barranquilla,1111-Bar
1112,30.0,Femenino,3896.23,Técnico,3.9,Pasto,1112-Pas
1113,39.0,Otro,3612.43,Primaria,3.8,Bogotá,1113-Bog
1114,8.0,Otro,3943.17,Universitario,3.4,Pasto,1114-Pas
1115,22.0,Femenino,6153.73,Técnico,3.4,Barranquilla,1115-Bar
1116,35.0,Otro,2033.33,Posgrado,1.5,Bogotá,1116-Bog
1117,19.0,Femenino,5025.89,Tecnólogo,0.1,Medellín,1117-Med
1118,64.0,Masculino,3693.6,Tecnólogo,0.9,Barranquilla,1118-Bar
1119,15.0,Otro,6844.21,Universitario,3.5,Villavicencio,1119-Vil
1120,39.0,Femenino,5327.99,Tecnólogo,3.7,Medellín,1120-Med
1121,55.0,Femenino,3481.25,Universitario,1.5,Bogotá,1121-Bog
1122,41.0,Femenino,3889.25,Técnico,5.5,Cali,1122-Cal
1123,31.0,Femenino,3930.07,Secundaria,5.5,Cali,1123-Cal
1124,28.0,Masculino,5650.66,Técnico,1.7,Pasto,1124-Pas
1125,,Femenino,6194.47,Tecnólogo,3.1,Medellín,1125-Med
1126,25.0,Masculino,4653.62,Tecnólogo,4.6,Bogotá,1126-Bog
1127,,Femenino,4356.78,Posgrado,5.2,Pasto,1127-Pas
1128,43.0,Masculino,5543.75,Universitario,3.3,Cali,1128-Cal
1129,31.0,Masculino,4527.36,Técnico,2.3,Barranquilla,1129-Bar
1130,36.0,Femenino,4967.96,Tecnólogo,3.9,Villavicencio,1130-Vil
1131,31.0,Otro,,Secundaria,3.8,Pasto,1131-Pas
1132,23.0,Femenino,3711.74,Posgrado,5.6,Pasto,1132-Pas
1133,,Femenino,5863.26,Primaria,4.2,Pasto,1133-Pas
1134,52.0,Femenino,3908.14,Posgrado,3.7,Barranquilla,1134-Bar
1135,31.0,Femenino,6437.8,Universitario,2.9,Medellín,1135-Med
1136,32.0,Femenino,5680.18,Tecnólogo,3.8,Villavicencio,1136-Vil
1137,,Otro,4693.7,Universitario,-0.2,Villavicencio,1137-Vil
1138,41.0,Otro,3256.21,Primaria,3.4,Barranquilla,1138-Bar
1139,24.0,Otro,6175.83,Primaria,4.0,Villavicencio,1139-Vil
1140,34.0,Femenino,4815.38,Secundaria,0.6,Barranquilla,1140-Bar
1141,38.0,Masculino,5393.57,Posgrado,1.4,Cali,1141-Cal
1142,,Otro,5976.94,Secundaria,0.2,Bogotá,1142-Bog
1143,2.0,Otro,3380.0,Tecnólogo,3.8,Villavicencio,1143-Vil
1144,40.0,Femenino,4863.63,Técnico,4.2,Barranquilla,1144-Bar
1145,39.0,Femenino,4123.07,Primaria,0.9,Medellín,1145-Med
1146,,Otro,4819.49,Tecnólogo,2.5,Villavicencio,1146-Vil
1147,29.0,Masculino,,Primaria,1.5,Pasto,1147-Pas
1148,29.0,Masculino,2836.43,Universitario,3.8,Barranquilla,1148-Bar
1149,49.0,Femenino,4271.92,Tecnólogo,1.5,Bogotá,1149-Bog
1150,16.0,Masculino,4589.65,Universitario,1.7,Medellín,1150-Med
1151,55.0,Femenino,3247.67,Tecnólogo,3.6,Barranquilla,1151-Bar
1152,66.0,Femenino,3764.65,Técnico,6.5,Cali,1152-Cal
1153,,Femenino,4624.63,Primaria,1.8,Villavicencio,1153-Vil
1154,,Femenino,,Universitario,2.0,Bogotá,1154-Bog
1155,17.0,Femenino,4353.3,Posgrado,2.5,Villavicencio,1155-Vil
1156,27.0,Otro,3801.21,Tecnólogo,3.9,Bogotá,1156-Bog
1157,48.0,Femenino,3495.83,Posgrado,3.3,Barranquilla,1157-Bar
1158,39.0,Masculino,4142.73,Técnico,2.0,Medellín,1158-Med
1159,33.0,Masculino,3700.98,Técnico,2.3,Villavicencio,1159-Vil
1160,38.0,Otro,5095.32,Posgrado,2.2,Bogotá,1160-Bog
1161,41.0,Otro,4753.0,Universitario,1.4,Villavicencio,1161-Vil
1162,31.0,Masculino,3849.74,Secundaria,4.5,Villavicencio,1162-Vil
1163,35.0,Femenino,4728.03,Secundaria,2.4,Pasto,1163-Pas
1164,35.0,Femenino,,Universitario,3.8,Bogotá,1164-Bog
1165,22.0,Otro,5252.37,Técnico,2.1,Cali,1165-Cal
1166,39.0,Femenino,4754.65,Universitario,3.2,Medellín,1166-Med
1167,57.0,Otro,5217.13,Primaria,4.6,Barranquilla,1167-Bar
1168,56.0,Masculino,5764.25,Universitario,5.2,Cali,1168-Cal
1169,17.0,Masculino,2978.65,Posgrado,4.4,Cali,1169-Cal
1170,42.0,Otro,4073.88,Técnico,1.6,Pasto,1170-Pas
1171,,Masculino,3882.9,Secundaria,0.8,Medellín,1171-Med
1172,30.0,Masculino,3854.32,Secundaria,3.0,Bogotá,1172-Bog
1173,,Femenino,6614.28,Posgrado,3.7,Barranquilla,1173-Bar
1174,19.0,Otro,5010.28,Secundaria,5.6,Barranquilla,1174-Bar
1175,30.0,Otro,5615.8,Primaria,2.9,Villavicencio,1175-Vil
1176,39.0,Femenino,4798.93,Primaria,4.2,Bogotá,1176-Bog
1177,33.0,Masculino,7252.86,Tecnólogo,3.4,Medellín,1177-Med
1178,,Otro,,Tecnólogo,1.2,Cali,1178-Cal
1179,20.0,Masculino,4015.62,Universitario,4.0,Cali,1179-Cal
1180,39.0,Masculino,4059.38,Secundaria,2.8,Cali,1180-Cal
1181,48.0,Otro,4151.21,Posgrado,4.3,Barranquilla,1181-Bar
1182,24.0,Masculino,5414.5,Universitario,0.9,Bogotá,1182-Bog
1183,40.0,Otro,4590.2,Secundaria,4.2,Medellín,1183-Med
1184,12.0,Femenino,5150.53,Secundaria,2.8,Cali,1184-Cal
1185,27.0,Otro,5542.31,Secundaria,2.2,Barranquilla,1185-Bar
1186,44.0,Otro,4725.41,Técnico,5.4,Villavicencio,1186-Vil
1187,,Femenino,5228.53,Primaria,4.2,Bogotá,1187-Bog
1188,28.0,Masculino,,Primaria,4.2,Villavicencio,1188-Vil
1189,52.0,Femenino,3855.12,Tecnólogo,2.8,Bogotá,1189-Bog
1190,26.0,Otro,3613.8,Técnico,1.3,Barranquilla,1190-Bar
1191,25.0,Femenino,4584.41,Posgrado,1.1,Pasto,1191-Pas
1192,42.0,Otro,3545.86,Universitario,2.5,Pasto,1192-Pas
1193,,Femenino,3430.05,Técnico,0.9,Cali,1193-Cal
1194,32.0,Otro,,Universitario,2.3,Villavicencio,1194-Vil
1195,44.0,Otro,3569.59,Técnico,2.9,Barranquilla,1195-Bar
1196,51.0,Femenino,5067.43,Universitario,2.5,Bogotá,1196-Bog
1197,39.0,Masculino,4177.84,Secundaria,3.3,Barranquilla,1197-Bar
1198,32.0,Masculino,3921.32,Posgrado,-0.4,Villavicencio,1198-Vil
1199,24.0,Otro,5408.63,Técnico,4.2,Barranquilla,1199-Bar
1200,18.0,Otro,5492.31,Secundaria,2.8,Medellín,1200-Med
1201,48.0,Femenino,4714.2,Secundaria,3.9,Pasto,1201-Pas
1202,37.0,Masculino,,Secundaria,2.4,Bogotá,1202-Bog
1203,51.0,Otro,2818.45,Primaria,2.8,Pasto,1203-Pas
1204,47.0,Masculino,5580.84,Posgrado,1.3,Pasto,1204-Pas
1205,,Otro,3696.15,Secundaria,3.4,Cali,1205-Cal
1206,21.0,Otro,4269.14,Posgrado,1.9,Villavicencio,1206-Vil
1207,40.0,Masculino,4858.55,Tecnólogo,3.4,Villavicencio,1207-Vil
1208,27.0,Femenino,3806.36,Tecnólogo,4.3,Medellín,1208-Med
1209,40.0,Otro,4457.36,Primaria,3.2,Bogotá,1209-Bog
1210,26.0,Femenino,4073.26,Posgrado,5.9,Pasto,1210-Pas
1211,25.0,Otro,4272.31,Técnico,3.6,Barranquilla,1211-Bar
1212,33.0,Otro,6604.5,Tecnólogo,2.9,Cali,1212-Cal
1213,46.0,Otro,2643.34,Posgrado,3.3,Medellín,1213-Med
1214,,Femenino,4285.29,Primaria,3.3,Pasto,1214-Pas
1215,,Masculino,,Tecnólogo,4.0,Medellín,1215-Med
1216,20.0,Femenino,3368.35,Posgrado,2.1,Barranquilla,1216-Bar
1217,22.0,Otro,4331.75,Posgrado,3.5,Villavicencio,1217-Vil
1218,34.0,Otro,4802.88,Secundaria,1.6,Bogotá,1218-Bog
1219,61.0,Masculino,,Posgrado,3.2,Barranquilla,1219-Bar
1220,43.0,Otro,,Posgrado,4.0,Bogotá,1220-Bog
1221,22.0,Otro,5596.9,Primaria,4.3,Barranquilla,1221-Bar
1222,34.0,Masculino,4169.43,Técnico,2.4,Medellín,1222-Med
1223,38.0,Masculino,4587.57,Primaria,4.8,Bogotá,1223-Bog
1224,28.0,Femenino,3080.68,Posgrado,2.7,Pasto,1224-Pas
1225,42.0,Otro,4447.5,Primaria,1.2,Cali,1225-Cal
1226,33.0,Masculino,3048.93,Posgrado,3.2,Medellín,1226-Med
1227,31.0,Femenino,4510.87,Posgrado,4.1,Barranquilla,1227-Bar
1228,50.0,Masculino,5323.42,Tecnólogo,2.0,Cali,1228-Cal
1229,14.0,Masculino,4913.22,Tecnólogo,1.0,Cali,1229-Cal
1230,23.0,Otro,4591.22,Secundaria,3.0,Cali,1230-Cal
1231,25.0,Otro,5307.01,Secundaria,2.8,Villavicencio,1231-Vil
1232,25.0,Femenino,5571.2,Universitario,1.8,Bogotá,1232-Bog
1233,,Otro,,Universitario,5.0,Villavicencio,1233-Vil
1234,41.0,Otro,5686.11,Universitario,4.2,Medellín,1234-Med
1235,48.0,Masculino,3743.58,Posgrado,4.5,Barranquilla,1235-Bar
1236,,Femenino,4054.47,Secundaria,1.1,Barranquilla,1236-Bar
1237,23.0,Masculino,5225.75,Secundaria,2.6,Villavicencio,1237-Vil
1238,34.0,Otro,4677.59,Posgrado,2.3,Cali,1238-Cal
1239,40.0,Masculino,,Secundaria,2.4,Cali,1239-Cal
1240,,Masculino,4672.73,Posgrado,4.5,Bogotá,1240-Bog
1241,51.0,Femenino,,Universitario,2.1,Cali,1241-Cal
1242,27.0,Femenino,4568.02,Posgrado,2.0,Cali,1242-Cal
1243,37.0,Otro,5245.47,Secundaria,4.5,Pasto,1243-Pas
1244,30.0,Masculino,5220.07,Secundaria,5.7,Medellín,1244-Med
1245,38.0,Femenino,6587.7,Técnico,5.0,Pasto,1245-Pas
1246,22.0,Otro,5883.32,Posgrado,1.6,Bogotá,1246-Bog
1247,24.0,Femenino,5204.49,Primaria,-0.1,Barranquilla,1247-Bar
1248,26.0,Femenino,5219.54,Universitario,1.8,Villavicencio,1248-Vil
1249,28.0,Femenino,4668.93,Universitario,2.8,Cali,1249-Cal
1250,,Otro,4337.76,Posgrado,3.5,Barranquilla,1250-Bar
1251,49.0,Femenino,4487.53,Secundaria,2.2,Bogotá,1251-Bog
1252,32.0,Femenino,4524.4,Tecnólogo,4.7,Villavicencio,1252-Vil
1253,,Femenino,4050.78,Tecnólogo,3.9,Villavicencio,1253-Vil
1254,16.0,Masculino,4086.37,Tecnólogo,3.0,Pasto,1254-Pas
1255,,Femenino,4436.5,Primaria,0.9,Barranquilla,1255-Bar
1256,37.0,Masculino,4175.74,Técnico,4.7,Cali,1256-Cal
1257,49.0,Masculino,4306.38,Universitario,2.9,Barranquilla,1257-Bar
1258,39.0,Masculino,,Secundaria,0.3,Villavicencio,1258-Vil
1259,40.0,Otro,5405.85,Tecnólogo,4.8,Bogotá,1259-Bog
1260,39.0,Otro,5292.34,Tecnólogo,5.8,Bogotá,1260-Bog
1261,38.0,Masculino,5524.64,Universitario,2.7,Medellín,1261-Med
1262,18.0,Otro,5745.06,Secundaria,1.5,Villavicencio,1262-Vil
1263,30.0,Masculino,3779.53,Tecnólogo,4.7,Villavicencio,1263-Vil
1264,52.0,Femenino,4528.87,Posgrado,5.1,Cali,1264-Cal
1265,45.0,Femenino,4801.34,Universitario,4.1,Barranquilla,1265-Bar
1266,41.0,Masculino,4942.24,Secundaria,-0.1,Bogotá,1266-Bog
1267,36.0,Otro,5012.72,Posgrado,2.0,Pasto,1267-Pas
1268,43.0,Femenino,5920.23,Primaria,1.6,Villavicencio,1268-Vil
1269,24.0,Masculino,3951.07,Tecnólogo,3.8,Bogotá,1269-Bog
1270,16.0,Masculino,4730.78,Secundaria,5.2,Barranquilla,1270-Bar
1271,30.0,Masculino,3283.08,Posgrado,3.0,Bogotá,1271-Bog
1272,41.0,Masculino,4917.02,Universitario,2.8,Barranquilla,1272-Bar
1273,36.0,Otro,2907.62,Tecnólogo,0.8,Pasto,1273-Pas
1274,47.0,Femenino,4860.5,Universitario,1.0,Bogotá,1274-Bog
1275,39.0,Otro,5740.84,Universitario,3.0,Cali,1275-Cal
1276,36.0,Masculino,5121.87,Tecnólogo,5.1,Barranquilla,1276-Bar
1277,51.0,Otro,3436.2,Posgrado,2.3,Bogotá,1277-Bog
1278,49.0,Otro,3725.15,Técnico,2.1,Villavicencio,1278-Vil
1279,34.0,Femenino,5117.03,Tecnólogo,1.4,Cali,1279-Cal
1280,22.0,Femenino,,Primaria,1.1,Medellín,1280-Med
1281,,Femenino,2321.69,Técnico,4.4,Medellín,1281-Med
1282,33.0,Masculino,5916.95,Tecnólogo,2.6,Villavicencio,1282-Vil
1283,31.0,Femenino,4685.62,Tecnólogo,4.2,Barranquilla,1283-Bar
1284,,Otro,3070.45,Técnico,0.2,Villavicencio,1284-Vil
1285,15.0,Otro,,Tecnólogo,2.5,Medellín,1285-Med
1286,,Masculino,6714.5,Posgrado,5.3,Cali,1286-Cal
1287,22.0,Masculino,4353.45,Primaria,1.3,Barranquilla,1287-Bar
1288,36.0,Femenino,4338.44,Secundaria,1.5,Pasto,1288-Pas
1289,40.0,Masculino,3858.3,Primaria,2.8,Barranquilla,1289-Bar
1290,30.0,Masculino,5147.02,Técnico,3.0,Barranquilla,1290-Bar
1291,41.0,Femenino,4751.36,Posgrado,3.4,Barranquilla,1291-Bar
1292,33.0,Masculino,5311.84,Posgrado,2.8,Medellín,1292-Med
1293,33.0,Femenino,3774.25,Secundaria,3.1,Pasto,1293-Pas
1294,30.0,Femenino,5228.91,Tecnólogo,3.0,Pasto,1294-Pas
1295,43.0,Otro,3321.99,Posgrado,1.6,Villavicencio,1295-Vil
1296,37.0,Otro,4996.47,Tecnólogo,2.3,Bogotá,1296-Bog
1297,,Femenino,,Secundaria,1.0,Cali,1297-Cal
1298,50.0,Masculino,4538.39,Tecnólogo,3.3,Barranquilla,1298-Bar
1299,42.0,Otro,2941.35,Posgrado,1.7,Cali,1299-Cal
1300,9.0,Femenino,4597.94,Secundaria,3.8,Pasto,1300-Pas
