ID,Edad,Ingreso,Nivel_Educativo,Genero,Ciudad,Horas_Internet,Alta_conectividad,CodigoID
1,40.0,1166000.0,Medio,Hombre,Barranquilla,5.8,1,UCP00001
2,34.0,1996000.0,Superior,Mujer,Barranquilla,0.1,0,UCP00002
3,41.0,1413000.0,Medio,Mujer,Cali,5.0,1,UCP00003
4,50.0,1122000.0,Medio,Mujer,Bogotá,1.0,0,UCP00004
5,33.0,1768000.0,Básico,Mujer,Medellín,5.7,1,UCP00005
6,33.0,1051000.0,Medio,Hombre,Bogotá,7.1,1,UCP00006
7,51.0,1514000.0,Medio,Mujer,Medellín,2.8,0,UCP00007
8,43.0,1495000.0,Básico,Hombre,Barranquilla,2.7,0,UCP00008
9,30.0,2043000.0,Medio,Hombre,Bogotá,1.5,0,UCP00009
10,40.0,1737000.0,Medio,Mujer,Barranquilla,4.5,1,UCP00010
11,30.0,1487000.0,Superior,Hombre,Bucaramanga,8.2,1,UCP00011
12,30.0,1909000.0,Medio,Hombre,Barranquilla,3.7,1,UCP00012
13,37.0,2195000.0,Superior,Hombre,Barranquilla,2.4,0,UCP00013
14,18.0,1779000.0,Básico,Mujer,Medellín,2.3,0,UCP00014
15,18.0,1505000.0,Básico,Hombre,Bucaramanga,4.7,1,UCP00015
16,29.0,844000.0,Medio,Hombre,Barranquilla,1.9,0,UCP00016
17,25.0,967000.0,Medio,Mujer,Barranquilla,4.1,1,UCP00017
18,38.0,1347000.0,Básico,Mujer,Bucaramanga,1.8,0,UCP00018
19,26.0,1195000.0,Superior,Hombre,Bucaramanga,0.2,0,UCP00019
20,21.0,1407000.0,Superior,Mujer,Bogotá,1.2,0,UCP00020
21,50.0,1528000.0,Medio,Hombre,Medellín,1.5,0,UCP00021
22,33.0,1765000.0,Básico,Hombre,Bucaramanga,0.4,0,UCP00022
23,36.0,1465000.0,Superior,Hombre,Bucaramanga,0.3,0,UCP00023
24,21.0,1743000.0,Medio,Mujer,Cali,1.9,0,UCP00024
25,30.0,1532000.0,Superior,Hombre,Bucaramanga,0.2,0,UCP00025
26,36.0,512000.0,Superior,Mujer,Medellín,0.9,0,UCP00026
27,23.0,1030000.0,Superior,Mujer,Barranquilla,3.4,0,UCP00027
28,39.0,1428000.0,Medio,Hombre,Barranquilla,8.3,1,UCP00028
29,29.0,895000.0,Básico,Mujer,Barranquilla,3.2,0,UCP00029
30,32.0,1800000.0,Medio,Mujer,Barranquilla,12.0,1,UCP00030
31,29.0,2265000.0,Medio,Mujer,Cali,3.0,0,UCP00031
32,54.0,2109000.0,Superior,Mujer,Bucaramanga,0.9,0,UCP00032
33,35.0,1393000.0,Básico,Mujer,Barranquilla,2.8,0,UCP00033
34,24.0,2245000.0,Básico,Hombre,Bogotá,3.0,0,UCP00034
35,43.0,1574000.0,Superior,Mujer,Barranquilla,1.2,0,UCP00035
36,23.0,1331000.0,Superior,Hombre,Bucaramanga,0.0,0,UCP00036
37,37.0,1193000.0,Superior,Hombre,Barranquilla,3.0,0,UCP00037
38,18.0,1349000.0,Superior,Hombre,Cali,0.1,0,UCP00038
39,22.0,1306000.0,Medio,Hombre,Medellín,2.5,0,UCP00039
40,37.0,1585000.0,Medio,Hombre,Medellín,0.4,0,UCP00040
41,42.0,1580000.0,Superior,Hombre,Bucaramanga,2.1,0,UCP00041
42,37.0,1502000.0,Medio,Mujer,Medellín,1.8,0,UCP00042
43,34.0,1718000.0,Medio,Mujer,Medellín,0.0,0,UCP00043
44,32.0,2095000.0,Básico,Mujer,Bogotá,1.1,0,UCP00044
45,20.0,1975000.0,Medio,Hombre,Bucaramanga,2.3,0,UCP00045
46,28.0,758000.0,Superior,Mujer,Bucaramanga,4.7,1,UCP00046
47,30.0,300000.0,Básico,Mujer,Medellín,5.5,1,UCP00047
48,46.0,1967000.0,Básico,Mujer,Medellín,1.7,0,UCP00048
49,38.0,817000.0,Medio,Hombre,Medellín,3.3,0,UCP00049
50,18.0,1388000.0,Básico,Mujer,Cali,1.0,0,UCP00050
51,38.0,915000.0,Básico,Hombre,Barranquilla,1.0,0,UCP00051
52,31.0,599000.0,Medio,Mujer,Cali,0.5,0,UCP00052
53,28.0,1771000.0,Superior,Hombre,Bucaramanga,2.1,0,UCP00053
54,41.0,1880000.0,Medio,Hombre,Bogotá,0.9,0,UCP00054
55,45.0,1212000.0,Básico,Hombre,Barranquilla,0.2,0,UCP00055
56,44.0,300000.0,Básico,Mujer,Bogotá,2.9,0,UCP00056
57,27.0,1227000.0,Medio,Mujer,Bucaramanga,3.1,0,UCP00057
58,32.0,1696000.0,Medio,Hombre,Bucaramanga,1.1,0,UCP00058
59,38.0,761000.0,Superior,Mujer,Bogotá,0.2,0,UCP00059
60,45.0,1592000.0,Medio,Hombre,Bogotá,1.4,0,UCP00060
61,30.0,1492000.0,Superior,Hombre,Bogotá,1.5,0,UCP00061
62,33.0,1790000.0,Básico,Mujer,Bucaramanga,2.8,0,UCP00062
63,24.0,1560000.0,Medio,Mujer,Medellín,0.9,0,UCP00063
64,23.0,1013000.0,Básico,Mujer,Bogotá,2.9,0,UCP00064
65,43.0,2098000.0,Superior,Hombre,Barranquilla,5.1,1,UCP00065
66,49.0,1421000.0,Medio,Hombre,Bucaramanga,0.7,0,UCP00066
67,34.0,1486000.0,Medio,Mujer,Cali,9.6,1,UCP00067
68,45.0,1033000.0,Básico,Hombre,Cali,1.2,0,UCP00068
69,39.0,1278000.0,Básico,Mujer,Barranquilla,0.8,0,UCP00069
70,29.0,1058000.0,Medio,Hombre,Medellín,1.4,0,UCP00070
71,39.0,1414000.0,Básico,Mujer,Bogotá,0.2,0,UCP00071
72,50.0,2356000.0,Medio,Mujer,Bucaramanga,0.3,0,UCP00072
73,35.0,814000.0,Básico,Hombre,Bogotá,1.3,0,UCP00073
74,51.0,693000.0,Medio,Mujer,Bucaramanga,3.6,1,UCP00074
75,18.0,2236000.0,Superior,Mujer,Cali,5.8,1,UCP00075
76,43.0,1395000.0,Superior,Hombre,Bogotá,2.7,0,UCP00076
77,36.0,1165000.0,Superior,Mujer,Barranquilla,0.3,0,UCP00077
78,32.0,2020000.0,Básico,Hombre,Medellín,2.8,0,UCP00078
79,36.0,1197000.0,Básico,Mujer,Barranquilla,2.5,0,UCP00079
80,18.0,2413000.0,Medio,Hombre,Medellín,4.1,1,UCP00080
81,33.0,1839000.0,Medio,Mujer,Bogotá,4.4,1,UCP00081
82,39.0,1256000.0,Medio,Mujer,Bogotá,5.1,1,UCP00082
83,50.0,2579000.0,Básico,Mujer,Medellín,1.3,0,UCP00083
84,30.0,1197000.0,Básico,Mujer,Cali,3.0,0,UCP00084
85,27.0,1871000.0,Básico,Hombre,Bucaramanga,0.8,0,UCP00085
86,30.0,1650000.0,Superior,Hombre,Barranquilla,12.0,1,UCP00086
87,44.0,2151000.0,Básico,Hombre,Barranquilla,0.5,0,UCP00087
88,38.0,2281000.0,Medio,Hombre,Barranquilla,0.0,0,UCP00088
89,30.0,1516000.0,Básico,Hombre,Bogotá,0.4,0,UCP00089
90,40.0,1123000.0,Medio,Hombre,Barranquilla,3.7,1,UCP00090
91,36.0,1730000.0,Medio,Hombre,Bucaramanga,1.5,0,UCP00091
92,45.0,1161000.0,Superior,Mujer,Bucaramanga,1.5,0,UCP00092
93,28.0,2507000.0,Superior,Mujer,Medellín,7.8,1,UCP00093
94,32.0,1568000.0,Medio,Mujer,Bogotá,6.3,1,UCP00094
95,31.0,1317000.0,Superior,Mujer,Bucaramanga,0.9,0,UCP00095
96,20.0,1592000.0,Superior,Hombre,Cali,0.6,0,UCP00096
97,38.0,826000.0,Superior,Hombre,Bogotá,4.7,1,UCP00097
98,38.0,1014000.0,Superior,Hombre,Bogotá,5.9,1,UCP00098
99,35.0,2100000.0,Básico,Mujer,Bucaramanga,2.0,0,UCP00099
100,33.0,1172000.0,Medio,Hombre,Cali,2.5,0,UCP00100
101,21.0,977000.0,Básico,Mujer,Medellín,0.7,0,UCP00101
102,31.0,1768000.0,Básico,Hombre,Bucaramanga,4.0,1,UCP00102
103,32.0,2093000.0,Superior,Hombre,Cali,2.5,0,UCP00103
104,27.0,1859000.0,Medio,Hombre,Bogotá,1.8,0,UCP00104
105,33.0,1998000.0,Superior,Hombre,Cali,0.2,0,UCP00105
106,39.0,1122000.0,Superior,Mujer,Bogotá,6.2,1,UCP00106
107,54.0,789000.0,Superior,Mujer,Bucaramanga,2.4,0,UCP00107
108,37.0,2251000.0,Superior,Hombre,Bucaramanga,0.5,0,UCP00108
109,38.0,1339000.0,Básico,Mujer,Barranquilla,2.3,0,UCP00109
110,34.0,1375000.0,Básico,Hombre,Barranquilla,2.8,0,UCP00110
111,18.0,2164000.0,Medio,Hombre,Barranquilla,1.9,0,UCP00111
112,35.0,1778000.0,Básico,Hombre,Bucaramanga,3.2,0,UCP00112
113,36.0,1728000.0,Básico,Hombre,Medellín,2.2,0,UCP00113
114,60.0,2583000.0,Medio,Mujer,Bucaramanga,7.4,1,UCP00114
115,33.0,1178000.0,Superior,Hombre,Cali,0.1,0,UCP00115
116,38.0,1964000.0,Medio,Hombre,Bucaramanga,0.3,0,UCP00116
117,35.0,1529000.0,Medio,Mujer,Bucaramanga,0.5,0,UCP00117
118,23.0,1634000.0,Medio,Hombre,Bogotá,2.9,0,UCP00118
119,46.0,2264000.0,Básico,Mujer,Bogotá,2.6,0,UCP00119
120,43.0,1754000.0,Básico,Hombre,Bogotá,5.6,1,UCP00120
121,43.0,1769000.0,Superior,Hombre,Bucaramanga,3.3,0,UCP00121
122,26.0,2036000.0,Medio,Hombre,Medellín,1.8,0,UCP00122
123,49.0,1318000.0,Superior,Hombre,Cali,12.0,1,UCP00123
124,21.0,1080000.0,Básico,Hombre,Cali,0.8,0,UCP00124
125,41.0,978000.0,Superior,Hombre,Medellín,4.5,1,UCP00125
126,57.0,517000.0,Medio,Mujer,Medellín,1.4,0,UCP00126
127,25.0,2528000.0,Medio,Hombre,Cali,2.6,0,UCP00127
128,29.0,948000.0,Medio,Mujer,Barranquilla,3.2,0,UCP00128
129,36.0,1389000.0,Superior,Mujer,Bogotá,2.5,0,UCP00129
130,30.0,1362000.0,Medio,Hombre,Bogotá,0.4,0,UCP00130
131,19.0,1654000.0,Medio,Mujer,Cali,1.5,0,UCP00131
132,36.0,1908000.0,Superior,Hombre,Medellín,2.1,0,UCP00132
133,24.0,1930000.0,Superior,Mujer,Barranquilla,4.7,1,UCP00133
134,40.0,1208000.0,Medio,Hombre,Cali,1.5,0,UCP00134
135,26.0,1416000.0,Superior,Mujer,Bogotá,6.3,1,UCP00135
136,50.0,1641000.0,Medio,Mujer,Bucaramanga,1.5,0,UCP00136
137,27.0,1376000.0,Básico,Hombre,Medellín,2.0,0,UCP00137
138,32.0,2304000.0,Medio,Mujer,Bucaramanga,4.0,1,UCP00138
139,43.0,1745000.0,Superior,Hombre,Cali,2.2,0,UCP00139
140,23.0,1867000.0,Superior,Hombre,Bogotá,8.1,1,UCP00140
141,37.0,1831000.0,Medio,Hombre,Barranquilla,2.7,0,UCP00141
142,48.0,2087000.0,Medio,Hombre,Bucaramanga,1.8,0,UCP00142
143,19.0,1591000.0,Básico,Hombre,Barranquilla,0.1,0,UCP00143
144,37.0,852000.0,Superior,Mujer,Bogotá,1.3,0,UCP00144
145,38.0,1700000.0,Superior,Mujer,Bucaramanga,0.9,0,UCP00145
146,43.0,1174000.0,Medio,Mujer,Barranquilla,3.4,0,UCP00146
147,23.0,1236000.0,Superior,Hombre,Barranquilla,0.6,0,UCP00147
148,22.0,1793000.0,Superior,Mujer,Bucaramanga,0.6,0,UCP00148
149,40.0,2119000.0,Medio,Mujer,Bogotá,0.5,0,UCP00149
150,38.0,1511000.0,Básico,Mujer,Barranquilla,0.3,0,UCP00150
151,38.0,1654000.0,Medio,Mujer,Cali,0.9,0,UCP00151
152,38.0,2351000.0,Medio,Mujer,Bucaramanga,5.4,1,UCP00152
153,28.0,1620000.0,Medio,Hombre,Medellín,3.7,1,UCP00153
154,37.0,2801000.0,Medio,Hombre,Medellín,3.3,0,UCP00154
155,38.0,1783000.0,Superior,Mujer,Bogotá,4.0,1,UCP00155
156,28.0,620000.0,Básico,Hombre,Cali,0.8,0,UCP00156
157,54.0,1877000.0,Medio,Hombre,Barranquilla,5.5,1,UCP00157
158,40.0,1691000.0,Medio,Mujer,Medellín,0.4,0,UCP00158
159,23.0,2145000.0,Medio,Mujer,Bogotá,1.0,0,UCP00159
160,42.0,1837000.0,Medio,Hombre,Cali,2.2,0,UCP00160
161,25.0,1431000.0,Básico,Mujer,Cali,0.3,0,UCP00161
162,43.0,888000.0,Básico,Hombre,Bogotá,3.3,0,UCP00162
163,47.0,1395000.0,Medio,Hombre,Bogotá,1.2,0,UCP00163
164,27.0,1075000.0,Medio,Mujer,Barranquilla,3.8,1,UCP00164
165,45.0,1210000.0,Básico,Hombre,Bogotá,1.7,0,UCP00165
166,39.0,1794000.0,Superior,Hombre,Barranquilla,0.5,0,UCP00166
167,43.0,2335000.0,Medio,Hombre,Barranquilla,3.3,0,UCP00167
168,54.0,1697000.0,Medio,Mujer,Bucaramanga,0.7,0,UCP00168
169,33.0,902000.0,Superior,Mujer,Cali,1.7,0,UCP00169
170,27.0,1722000.0,Básico,Mujer,Cali,0.2,0,UCP00170
171,26.0,2098000.0,Básico,Mujer,Cali,2.4,0,UCP00171
172,27.0,1195000.0,Superior,Hombre,Bucaramanga,2.7,0,UCP00172
173,34.0,1433000.0,Medio,Mujer,Barranquilla,1.2,0,UCP00173
174,38.0,1507000.0,Medio,Mujer,Barranquilla,7.7,1,UCP00174
175,38.0,1108000.0,Superior,Mujer,Bogotá,5.2,1,UCP00175
176,43.0,1824000.0,Superior,Mujer,Bucaramanga,3.1,0,UCP00176
177,35.0,1440000.0,Superior,Hombre,Bogotá,3.1,0,UCP00177
178,50.0,1710000.0,Medio,Hombre,Bucaramanga,0.7,0,UCP00178
179,32.0,1056000.0,Medio,Hombre,Bogotá,2.7,0,UCP00179
180,62.0,1281000.0,Medio,Mujer,Medellín,0.6,0,UCP00180
181,41.0,1861000.0,Básico,Mujer,Cali,0.4,0,UCP00181
182,26.0,1314000.0,Medio,Hombre,Cali,12.0,1,UCP00182
183,24.0,2363000.0,Básico,Mujer,Barranquilla,2.4,0,UCP00183
184,40.0,1300000.0,Superior,Mujer,Medellín,1.4,0,UCP00184
185,33.0,1612000.0,Medio,Hombre,Cali,0.8,0,UCP00185
186,42.0,1966000.0,Medio,Hombre,Barranquilla,2.3,0,UCP00186
187,40.0,791000.0,Medio,Mujer,Medellín,0.1,0,UCP00187
188,34.0,620000.0,Básico,Mujer,Cali,0.2,0,UCP00188
189,27.0,737000.0,Básico,Mujer,Bogotá,0.1,0,UCP00189
190,20.0,2131000.0,Medio,Hombre,Bucaramanga,1.7,0,UCP00190
191,31.0,1224000.0,Básico,Hombre,Medellín,2.3,0,UCP00191
192,44.0,2779000.0,Medio,Hombre,Barranquilla,0.2,0,UCP00192
193,37.0,1218000.0,Superior,Hombre,Medellín,3.2,0,UCP00193
194,23.0,1592000.0,Superior,Mujer,Barranquilla,0.7,0,UCP00194
195,37.0,2271000.0,Medio,Hombre,Medellín,2.9,0,UCP00195
196,39.0,2503000.0,Básico,Hombre,Barranquilla,10.0,1,UCP00196
197,26.0,2531000.0,Superior,Mujer,Cali,2.9,0,UCP00197
198,37.0,2104000.0,Superior,Mujer,Bogotá,5.4,1,UCP00198
199,36.0,2012000.0,Básico,Mujer,Cali,7.4,1,UCP00199
200,24.0,1796000.0,Superior,Hombre,Bogotá,1.7,0,UCP00200
201,39.0,1889000.0,Básico,Mujer,Cali,3.0,0,UCP00201
202,41.0,1224000.0,Superior,Mujer,Cali,4.8,1,UCP00202
203,46.0,1091000.0,Superior,Hombre,Medellín,1.1,0,UCP00203
204,46.0,1498000.0,Básico,Hombre,Bucaramanga,0.8,0,UCP00204
205,21.0,1415000.0,Superior,Mujer,Barranquilla,7.3,1,UCP00205
206,26.0,1273000.0,Medio,Hombre,Barranquilla,3.2,0,UCP00206
207,40.0,1848000.0,Superior,Mujer,Barranquilla,0.6,0,UCP00207
208,40.0,1978000.0,Medio,Mujer,Bogotá,1.5,0,UCP00208
209,40.0,1544000.0,Superior,Hombre,Barranquilla,4.0,1,UCP00209
210,70.0,2239000.0,Básico,Mujer,Barranquilla,2.0,0,UCP00210
211,41.0,929000.0,Medio,Hombre,Medellín,2.6,0,UCP00211
212,46.0,1403000.0,Básico,Hombre,Cali,3.5,0,UCP00212
213,45.0,1142000.0,Superior,Hombre,Barranquilla,2.4,0,UCP00213
214,42.0,567000.0,Superior,Mujer,Bucaramanga,1.9,0,UCP00214
215,32.0,1459000.0,Superior,Hombre,Barranquilla,3.5,0,UCP00215
216,43.0,1439000.0,Superior,Hombre,Bogotá,3.3,0,UCP00216
217,27.0,2257000.0,Básico,Mujer,Bogotá,2.5,0,UCP00217
218,33.0,1815000.0,Medio,Mujer,Bogotá,1.1,0,UCP00218
219,30.0,988000.0,Básico,Mujer,Barranquilla,1.3,0,UCP00219
220,36.0,2427000.0,Básico,Mujer,Medellín,8.8,1,UCP00220
221,58.0,2111000.0,Básico,Hombre,Bucaramanga,0.3,0,UCP00221
222,18.0,1791000.0,Medio,Hombre,Barranquilla,0.8,0,UCP00222
223,42.0,1387000.0,Básico,Hombre,Medellín,1.7,0,UCP00223
224,19.0,1020000.0,Básico,Mujer,Medellín,4.5,1,UCP00224
225,30.0,1314000.0,Básico,Mujer,Barranquilla,0.4,0,UCP00225
226,46.0,2044000.0,Básico,Hombre,Barranquilla,0.8,0,UCP00226
227,36.0,2442000.0,Superior,Mujer,Medellín,0.2,0,UCP00227
228,24.0,2272000.0,Superior,Mujer,Medellín,3.1,0,UCP00228
229,28.0,1256000.0,Superior,Hombre,Medellín,0.7,0,UCP00229
230,42.0,940000.0,Medio,Hombre,Barranquilla,1.2,0,UCP00230
231,28.0,1570000.0,Básico,Mujer,Medellín,1.5,0,UCP00231
232,37.0,616000.0,Superior,Mujer,Bogotá,5.5,1,UCP00232
233,35.0,1662000.0,Medio,Mujer,Barranquilla,1.3,0,UCP00233
234,28.0,1426000.0,Básico,Hombre,Bogotá,0.4,0,UCP00234
235,56.0,1267000.0,Básico,Hombre,Cali,1.9,0,UCP00235
236,41.0,703000.0,Básico,Hombre,Barranquilla,8.2,1,UCP00236
237,18.0,1757000.0,Básico,Hombre,Cali,2.3,0,UCP00237
238,37.0,1234000.0,Medio,Hombre,Medellín,10.2,1,UCP00238
239,28.0,915000.0,Medio,Mujer,Medellín,4.6,1,UCP00239
240,44.0,300000.0,Básico,Mujer,Bucaramanga,0.1,0,UCP00240
241,27.0,1486000.0,Básico,Mujer,Medellín,2.7,0,UCP00241
242,34.0,2386000.0,Superior,Hombre,Cali,0.8,0,UCP00242
243,40.0,2331000.0,Básico,Hombre,Medellín,2.1,0,UCP00243
244,44.0,1271000.0,Medio,Hombre,Barranquilla,0.8,0,UCP00244
245,23.0,1199000.0,Superior,Mujer,Medellín,1.1,0,UCP00245
246,32.0,1734000.0,Básico,Hombre,Bucaramanga,6.4,1,UCP00246
247,30.0,1001000.0,Básico,Hombre,Medellín,0.6,0,UCP00247
248,28.0,1651000.0,Medio,Mujer,Cali,5.2,1,UCP00248
249,53.0,1883000.0,Medio,Hombre,Cali,0.1,0,UCP00249
250,39.0,2113000.0,Medio,Mujer,Medellín,0.2,0,UCP00250
251,22.0,1450000.0,Superior,Hombre,Cali,4.8,1,UCP00251
252,44.0,1398000.0,Básico,Hombre,Cali,2.5,0,UCP00252
253,56.0,1061000.0,Medio,Mujer,Bucaramanga,3.4,0,UCP00253
254,45.0,1087000.0,Medio,Mujer,Barranquilla,0.6,0,UCP00254
255,20.0,1387000.0,Básico,Mujer,Bucaramanga,1.9,0,UCP00255
256,30.0,1684000.0,Medio,Mujer,Bogotá,3.3,0,UCP00256
257,48.0,1957000.0,Básico,Mujer,Bucaramanga,2.5,0,UCP00257
258,28.0,1098000.0,Medio,Mujer,Medellín,1.6,0,UCP00258
259,39.0,2246000.0,Básico,Hombre,Barranquilla,8.0,1,UCP00259
260,43.0,1364000.0,Medio,Hombre,Medellín,2.8,0,UCP00260
261,26.0,1489000.0,Medio,Mujer,Bogotá,6.0,1,UCP00261
262,34.0,1126000.0,Superior,Hombre,Barranquilla,3.3,0,UCP00262
263,18.0,300000.0,Básico,Mujer,Cali,3.3,0,UCP00263
264,25.0,1942000.0,Medio,Hombre,Bucaramanga,0.2,0,UCP00264
265,32.0,1868000.0,Medio,Mujer,Medellín,1.1,0,UCP00265
266,23.0,1359000.0,Superior,Hombre,Bogotá,4.9,1,UCP00266
267,51.0,1533000.0,Medio,Hombre,Cali,0.7,0,UCP00267
268,21.0,1758000.0,Medio,Hombre,Bucaramanga,0.3,0,UCP00268
269,31.0,719000.0,Superior,Hombre,Cali,1.0,0,UCP00269
270,36.0,1235000.0,Superior,Hombre,Bucaramanga,0.6,0,UCP00270
271,49.0,1897000.0,Medio,Mujer,Barranquilla,6.5,1,UCP00271
272,21.0,873000.0,Medio,Mujer,Cali,5.1,1,UCP00272
273,47.0,1647000.0,Superior,Mujer,Cali,1.7,0,UCP00273
274,35.0,822000.0,Superior,Hombre,Cali,0.2,0,UCP00274
275,25.0,1733000.0,Superior,Mujer,Barranquilla,3.1,0,UCP00275
276,40.0,1482000.0,Medio,Hombre,Bogotá,2.4,0,UCP00276
277,37.0,692000.0,Básico,Hombre,Bucaramanga,8.8,1,UCP00277
278,29.0,2082000.0,Medio,Hombre,Cali,2.0,0,UCP00278
279,36.0,1133000.0,Superior,Mujer,Barranquilla,1.0,0,UCP00279
280,31.0,1095000.0,Medio,Hombre,Bogotá,1.8,0,UCP00280
281,36.0,1600000.0,Medio,Mujer,Bucaramanga,9.7,1,UCP00281
282,42.0,2074000.0,Superior,Mujer,Barranquilla,3.0,0,UCP00282
283,51.0,992000.0,Medio,Hombre,Bucaramanga,2.8,0,UCP00283
284,23.0,1531000.0,Superior,Hombre,Cali,0.7,0,UCP00284
285,56.0,1714000.0,Medio,Mujer,Bogotá,3.4,0,UCP00285
286,18.0,1847000.0,Medio,Mujer,Barranquilla,3.5,0,UCP00286
287,33.0,1588000.0,Medio,Mujer,Bogotá,1.0,0,UCP00287
288,41.0,1316000.0,Superior,Mujer,Cali,1.7,0,UCP00288
289,38.0,1086000.0,Básico,Mujer,Bogotá,0.9,0,UCP00289
290,29.0,1543000.0,Básico,Mujer,Bogotá,0.7,0,UCP00290
291,33.0,964000.0,Superior,Hombre,Medellín,0.1,0,UCP00291
292,30.0,300000.0,Básico,Mujer,Bogotá,0.8,0,UCP00292
293,29.0,1718000.0,Medio,Mujer,Bucaramanga,2.0,0,UCP00293
294,43.0,1952000.0,Medio,Mujer,Barranquilla,0.0,0,UCP00294
295,39.0,319000.0,Medio,Mujer,Medellín,0.8,0,UCP00295
296,28.0,995000.0,Medio,Hombre,Barranquilla,5.3,1,UCP00296
297,44.0,1810000.0,Básico,Hombre,Barranquilla,2.3,0,UCP00297
298,38.0,2529000.0,Medio,Mujer,Cali,2.3,0,UCP00298
299,43.0,1510000.0,Medio,Mujer,Cali,1.3,0,UCP00299
300,41.0,1136000.0,Medio,Mujer,Medellín,2.8,0,UCP00300
301,27.0,1409000.0,Básico,Hombre,Cali,0.5,0,UCP00301
302,29.0,2187000.0,Medio,Hombre,Cali,4.3,1,UCP00302
303,42.0,1177000.0,Básico,Hombre,Cali,0.3,0,UCP00303
304,41.0,1100000.0,Básico,Hombre,Barranquilla,2.7,0,UCP00304
305,35.0,1259000.0,Básico,Hombre,Medellín,1.0,0,UCP00305
306,36.0,1023000.0,Básico,Hombre,Barranquilla,3.4,0,UCP00306
307,48.0,1561000.0,Superior,Mujer,Bucaramanga,2.0,0,UCP00307
308,29.0,2312000.0,Básico,Hombre,Barranquilla,1.5,0,UCP00308
309,40.0,1662000.0,Superior,Hombre,Bucaramanga,0.5,0,UCP00309
310,33.0,1374000.0,Superior,Mujer,Bogotá,2.5,0,UCP00310
311,33.0,1354000.0,Medio,Hombre,Bogotá,9.2,1,UCP00311
312,46.0,718000.0,Básico,Mujer,Bucaramanga,4.4,1,UCP00312
313,43.0,1942000.0,Medio,Hombre,Bucaramanga,0.2,0,UCP00313
314,43.0,1461000.0,Superior,Mujer,Barranquilla,1.2,0,UCP00314
315,48.0,1410000.0,Medio,Mujer,Bucaramanga,6.5,1,UCP00315
316,35.0,3097000.0,Básico,Mujer,Medellín,1.7,0,UCP00316
317,42.0,1649000.0,Medio,Mujer,Bogotá,2.7,0,UCP00317
318,32.0,1124000.0,Superior,Mujer,Bogotá,6.1,1,UCP00318
319,38.0,1287000.0,Superior,Hombre,Bucaramanga,5.2,1,UCP00319
320,34.0,2074000.0,Básico,Hombre,Cali,1.7,0,UCP00320
321,36.0,1557000.0,Medio,Mujer,Cali,1.4,0,UCP00321
322,41.0,781000.0,Básico,Mujer,Bucaramanga,1.0,0,UCP00322
323,27.0,1960000.0,Básico,Mujer,Medellín,3.2,0,UCP00323
324,56.0,1166000.0,Superior,Hombre,Cali,0.8,0,UCP00324
325,25.0,2437000.0,Básico,Mujer,Bucaramanga,0.7,0,UCP00325
326,23.0,2040000.0,Básico,Mujer,Medellín,1.1,0,UCP00326
327,47.0,1276000.0,Básico,Mujer,Medellín,0.5,0,UCP00327
328,43.0,2141000.0,Superior,Mujer,Barranquilla,3.0,0,UCP00328
329,41.0,1534000.0,Superior,Hombre,Medellín,2.4,0,UCP00329
330,41.0,1926000.0,Medio,Mujer,Cali,1.6,0,UCP00330
331,35.0,1742000.0,Superior,Mujer,Cali,1.2,0,UCP00331
332,26.0,1077000.0,Básico,Hombre,Bucaramanga,6.0,1,UCP00332
333,36.0,1178000.0,Medio,Mujer,Bucaramanga,0.1,0,UCP00333
334,28.0,2015000.0,Medio,Mujer,Medellín,3.7,1,UCP00334
335,45.0,1333000.0,Básico,Hombre,Bogotá,5.8,1,UCP00335
336,34.0,1298000.0,Medio,Hombre,Barranquilla,1.5,0,UCP00336
337,27.0,1022000.0,Superior,Hombre,Bogotá,2.0,0,UCP00337
338,32.0,1712000.0,Básico,Mujer,Medellín,7.2,1,UCP00338
339,39.0,2531000.0,Básico,Mujer,Medellín,0.6,0,UCP00339
340,29.0,966000.0,Básico,Hombre,Bogotá,1.8,0,UCP00340
341,27.0,1512000.0,Básico,Hombre,Barranquilla,1.6,0,UCP00341
342,37.0,2206000.0,Superior,Hombre,Bogotá,0.7,0,UCP00342
343,37.0,1460000.0,Medio,Mujer,Bucaramanga,4.3,1,UCP00343
344,30.0,1726000.0,Medio,Mujer,Cali,5.7,1,UCP00344
345,30.0,969000.0,Superior,Hombre,Bucaramanga,3.8,1,UCP00345
346,37.0,1714000.0,Básico,Mujer,Cali,0.5,0,UCP00346
347,21.0,1406000.0,Medio,Hombre,Medellín,0.2,0,UCP00347
348,21.0,1993000.0,Medio,Mujer,Barranquilla,2.3,0,UCP00348
349,28.0,2094000.0,Medio,Mujer,Bogotá,0.1,0,UCP00349
350,33.0,2795000.0,Superior,Mujer,Barranquilla,2.8,0,UCP00350
351,38.0,1790000.0,Superior,Mujer,Bogotá,1.9,0,UCP00351
352,50.0,1663000.0,Medio,Hombre,Bucaramanga,2.7,0,UCP00352
353,44.0,1597000.0,Superior,Mujer,Bucaramanga,2.2,0,UCP00353
354,33.0,1323000.0,Básico,Mujer,Bogotá,1.4,0,UCP00354
355,35.0,1669000.0,Básico,Hombre,Barranquilla,0.6,0,UCP00355
356,25.0,1352000.0,Básico,Mujer,Bogotá,0.9,0,UCP00356
357,35.0,1584000.0,Medio,Hombre,Medellín,1.9,0,UCP00357
358,32.0,2159000.0,Medio,Hombre,Bucaramanga,2.6,0,UCP00358
359,38.0,997000.0,Medio,Mujer,Medellín,3.8,1,UCP00359
360,27.0,2070000.0,Superior,Mujer,Bucaramanga,3.6,1,UCP00360
361,40.0,2159000.0,Medio,Hombre,Bucaramanga,9.0,1,UCP00361
362,50.0,1441000.0,Medio,Hombre,Cali,0.8,0,UCP00362
363,34.0,439000.0,Básico,Hombre,Medellín,0.2,0,UCP00363
364,39.0,1196000.0,Básico,Mujer,Medellín,1.1,0,UCP00364
365,42.0,2148000.0,Medio,Hombre,Cali,3.4,0,UCP00365
366,31.0,1489000.0,Medio,Hombre,Barranquilla,1.4,0,UCP00366
367,37.0,1000000.0,Superior,Hombre,Medellín,4.3,1,UCP00367
368,35.0,1248000.0,Básico,Mujer,Bogotá,2.0,0,UCP00368
369,36.0,1920000.0,Básico,Hombre,Cali,6.6,1,UCP00369
370,27.0,1773000.0,Medio,Mujer,Medellín,7.4,1,UCP00370
371,35.0,1381000.0,Básico,Mujer,Barranquilla,0.2,0,UCP00371
372,40.0,1317000.0,Básico,Hombre,Medellín,1.5,0,UCP00372
373,50.0,1304000.0,Superior,Mujer,Bucaramanga,2.4,0,UCP00373
374,45.0,1039000.0,Básico,Hombre,Bogotá,0.7,0,UCP00374
375,57.0,2308000.0,Medio,Mujer,Cali,1.3,0,UCP00375
376,27.0,1339000.0,Básico,Mujer,Bucaramanga,2.8,0,UCP00376
377,44.0,2109000.0,Básico,Hombre,Barranquilla,0.6,0,UCP00377
378,37.0,2261000.0,Medio,Hombre,Bucaramanga,2.3,0,UCP00378
379,57.0,1999000.0,Superior,Hombre,Bucaramanga,3.0,0,UCP00379
380,27.0,1284000.0,Medio,Mujer,Barranquilla,0.2,0,UCP00380
381,27.0,1702000.0,Superior,Mujer,Bucaramanga,1.7,0,UCP00381
382,29.0,1488000.0,Básico,Hombre,Cali,0.8,0,UCP00382
383,18.0,1048000.0,Superior,Hombre,Medellín,3.2,0,UCP00383
384,30.0,1662000.0,Básico,Mujer,Bucaramanga,0.5,0,UCP00384
385,27.0,910000.0,Medio,Mujer,Cali,5.6,1,UCP00385
386,37.0,2094000.0,Medio,Mujer,Medellín,1.4,0,UCP00386
387,38.0,1268000.0,Superior,Hombre,Medellín,0.6,0,UCP00387
388,54.0,1601000.0,Medio,Mujer,Bucaramanga,1.4,0,UCP00388
389,45.0,1642000.0,Básico,Hombre,Cali,1.3,0,UCP00389
390,29.0,1371000.0,Básico,Mujer,Bucaramanga,1.4,0,UCP00390
391,26.0,1793000.0,Superior,Mujer,Barranquilla,2.2,0,UCP00391
392,40.0,1263000.0,Medio,Hombre,Medellín,1.8,0,UCP00392
393,22.0,1936000.0,Superior,Hombre,Bucaramanga,0.4,0,UCP00393
394,53.0,827000.0,Básico,Hombre,Medellín,0.2,0,UCP00394
395,47.0,1563000.0,Medio,Mujer,Cali,3.3,0,UCP00395
396,30.0,2469000.0,Básico,Mujer,Bogotá,2.1,0,UCP00396
397,18.0,1000000.0,Superior,Mujer,Bucaramanga,1.1,0,UCP00397
398,49.0,1161000.0,Medio,Hombre,Bucaramanga,4.1,1,UCP00398
399,34.0,1757000.0,Superior,Mujer,Medellín,1.2,0,UCP00399
400,47.0,1590000.0,Básico,Hombre,Cali,4.0,1,UCP00400
401,19.0,1675000.0,Medio,Hombre,Barranquilla,0.9,0,UCP00401
402,29.0,1745000.0,Medio,Hombre,Cali,0.2,0,UCP00402
403,35.0,1817000.0,Medio,Mujer,Bucaramanga,6.7,1,UCP00403
404,35.0,2055000.0,Superior,Mujer,Barranquilla,1.3,0,UCP00404
405,30.0,1705000.0,Superior,Hombre,Cali,3.9,1,UCP00405
406,41.0,1379000.0,Superior,Mujer,Bogotá,0.8,0,UCP00406
407,24.0,1836000.0,Superior,Hombre,Medellín,2.6,0,UCP00407
408,34.0,2450000.0,Básico,Hombre,Cali,5.2,1,UCP00408
409,36.0,1434000.0,Básico,Mujer,Cali,0.1,0,UCP00409
410,40.0,1013000.0,Superior,Hombre,Bogotá,4.4,1,UCP00410
411,42.0,2054000.0,Básico,Hombre,Bucaramanga,2.1,0,UCP00411
412,24.0,1440000.0,Superior,Mujer,Medellín,2.3,0,UCP00412
413,20.0,414000.0,Superior,Hombre,Cali,1.9,0,UCP00413
414,48.0,1924000.0,Medio,Hombre,Barranquilla,5.2,1,UCP00414
415,38.0,1232000.0,Superior,Hombre,Cali,0.1,0,UCP00415
416,28.0,1455000.0,Medio,Hombre,Medellín,0.8,0,UCP00416
417,51.0,1666000.0,Medio,Hombre,Cali,5.2,1,UCP00417
418,36.0,1595000.0,Básico,Hombre,Bogotá,3.5,0,UCP00418
419,47.0,1855000.0,Medio,Hombre,Cali,0.0,0,UCP00419
420,36.0,1282000.0,Básico,Mujer,Cali,1.8,0,UCP00420
421,56.0,1757000.0,Medio,Mujer,Barranquilla,1.9,0,UCP00421
422,53.0,1370000.0,Superior,Hombre,Bogotá,1.3,0,UCP00422
423,33.0,1869000.0,Superior,Hombre,Bogotá,0.9,0,UCP00423
424,45.0,1808000.0,Básico,Mujer,Cali,2.9,0,UCP00424
425,41.0,1032000.0,Medio,Mujer,Barranquilla,0.6,0,UCP00425
426,49.0,2043000.0,Superior,Mujer,Cali,4.0,1,UCP00426
427,25.0,1232000.0,Básico,Mujer,Cali,4.1,1,UCP00427
428,42.0,1904000.0,Básico,Mujer,Medellín,1.3,0,UCP00428
429,46.0,1684000.0,Básico,Hombre,Medellín,0.8,0,UCP00429
430,18.0,2419000.0,Medio,Mujer,Barranquilla,0.8,0,UCP00430
431,23.0,1388000.0,Básico,Mujer,Bucaramanga,1.6,0,UCP00431
432,18.0,1325000.0,Superior,Mujer,Medellín,3.2,0,UCP00432
433,32.0,1490000.0,Medio,Hombre,Bucaramanga,1.1,0,UCP00433
434,42.0,1348000.0,Medio,Hombre,Bogotá,2.4,0,UCP00434
435,50.0,1900000.0,Básico,Hombre,Medellín,1.2,0,UCP00435
436,36.0,692000.0,Medio,Hombre,Medellín,0.9,0,UCP00436
437,51.0,973000.0,Medio,Hombre,Barranquilla,0.1,0,UCP00437
438,21.0,966000.0,Superior,Hombre,Bucaramanga,0.0,0,UCP00438
439,18.0,1975000.0,Superior,Mujer,Medellín,0.6,0,UCP00439
440,34.0,2355000.0,Medio,Hombre,Medellín,1.3,0,UCP00440
441,39.0,1448000.0,Superior,Hombre,Barranquilla,4.8,1,UCP00441
442,35.0,1416000.0,Superior,Mujer,Barranquilla,4.0,1,UCP00442
443,18.0,1535000.0,Superior,Hombre,Bucaramanga,0.8,0,UCP00443
444,34.0,2081000.0,Básico,Mujer,Bogotá,0.7,0,UCP00444
445,22.0,1036000.0,Básico,Mujer,Bogotá,0.6,0,UCP00445
446,42.0,1619000.0,Básico,Hombre,Cali,1.0,0,UCP00446
447,39.0,1988000.0,Medio,Mujer,Medellín,1.7,0,UCP00447
448,26.0,1751000.0,Medio,Mujer,Bucaramanga,1.4,0,UCP00448
449,30.0,1595000.0,Medio,Mujer,Medellín,0.6,0,UCP00449
450,24.0,2001000.0,Superior,Mujer,Bucaramanga,0.3,0,UCP00450
451,34.0,300000.0,Superior,Hombre,Bucaramanga,0.0,0,UCP00451
452,45.0,1839000.0,Superior,Mujer,Bucaramanga,0.4,0,UCP00452
453,25.0,1173000.0,Medio,Hombre,Medellín,3.1,0,UCP00453
454,40.0,585000.0,Medio,Mujer,Barranquilla,0.7,0,UCP00454
455,30.0,1756000.0,Básico,Mujer,Medellín,1.6,0,UCP00455
456,27.0,2187000.0,Básico,Mujer,Bucaramanga,2.2,0,UCP00456
457,34.0,1431000.0,Básico,Hombre,Cali,5.4,1,UCP00457
458,25.0,1976000.0,Medio,Hombre,Bogotá,5.5,1,UCP00458
459,29.0,2306000.0,Medio,Hombre,Bucaramanga,3.4,0,UCP00459
460,23.0,2157000.0,Superior,Mujer,Cali,0.1,0,UCP00460
461,55.0,2320000.0,Básico,Mujer,Barranquilla,2.1,0,UCP00461
462,35.0,1871000.0,Superior,Mujer,Bucaramanga,3.9,1,UCP00462
463,28.0,1538000.0,Medio,Mujer,Cali,0.0,0,UCP00463
464,37.0,699000.0,Básico,Hombre,Bucaramanga,2.0,0,UCP00464
465,34.0,1377000.0,Medio,Mujer,Medellín,4.9,1,UCP00465
466,33.0,1078000.0,Básico,Hombre,Cali,1.6,0,UCP00466
467,41.0,2585000.0,Medio,Mujer,Medellín,0.0,0,UCP00467
468,43.0,1412000.0,Medio,Hombre,Medellín,0.0,0,UCP00468
469,30.0,1562000.0,Básico,Hombre,Cali,1.3,0,UCP00469
470,29.0,1776000.0,Básico,Mujer,Bogotá,0.4,0,UCP00470
471,32.0,1522000.0,Medio,Mujer,Cali,2.7,0,UCP00471
472,18.0,2348000.0,Superior,Hombre,Bogotá,3.1,0,UCP00472
473,20.0,1189000.0,Medio,Mujer,Bucaramanga,0.5,0,UCP00473
474,49.0,1597000.0,Superior,Mujer,Bucaramanga,5.5,1,UCP00474
475,51.0,1129000.0,Medio,Hombre,Cali,1.5,0,UCP00475
476,33.0,840000.0,Superior,Hombre,Bucaramanga,0.4,0,UCP00476
477,41.0,1194000.0,Superior,Hombre,Barranquilla,3.6,1,UCP00477
478,38.0,1481000.0,Medio,Hombre,Medellín,3.9,1,UCP00478
479,66.0,1285000.0,Medio,Mujer,Medellín,2.5,0,UCP00479
480,46.0,1154000.0,Superior,Hombre,Bogotá,4.8,1,UCP00480
481,34.0,797000.0,Medio,Hombre,Bucaramanga,3.3,0,UCP00481
482,25.0,1458000.0,Medio,Hombre,Bogotá,5.3,1,UCP00482
483,19.0,748000.0,Básico,Mujer,Medellín,1.4,0,UCP00483
484,37.0,1880000.0,Superior,Hombre,Medellín,3.4,0,UCP00484
485,27.0,1541000.0,Superior,Mujer,Bucaramanga,12.0,1,UCP00485
486,21.0,771000.0,Básico,Hombre,Barranquilla,3.2,0,UCP00486
487,29.0,1345000.0,Medio,Hombre,Barranquilla,0.3,0,UCP00487
488,24.0,1124000.0,Medio,Mujer,Bucaramanga,1.8,0,UCP00488
489,52.0,1660000.0,Básico,Hombre,Bucaramanga,2.2,0,UCP00489
490,44.0,2170000.0,Superior,Hombre,Bogotá,0.5,0,UCP00490
491,35.0,562000.0,Básico,Mujer,Bucaramanga,8.2,1,UCP00491
492,50.0,1558000.0,Básico,Hombre,Barranquilla,0.5,0,UCP00492
493,36.0,1420000.0,Medio,Hombre,Bucaramanga,0.5,0,UCP00493
494,26.0,1836000.0,Superior,Hombre,Bogotá,6.2,1,UCP00494
495,50.0,1607000.0,Básico,Hombre,Bogotá,1.6,0,UCP00495
496,40.0,1124000.0,Medio,Mujer,Bogotá,0.2,0,UCP00496
497,25.0,1340000.0,Medio,Hombre,Bogotá,2.3,0,UCP00497
498,33.0,1102000.0,Básico,Mujer,Cali,2.3,0,UCP00498
499,26.0,2038000.0,Básico,Hombre,Bucaramanga,0.2,0,UCP00499
500,21.0,1511000.0,Medio,Mujer,Medellín,9.0,1,UCP00500
501,44.0,2451000.0,Básico,Hombre,Bucaramanga,2.0,0,UCP00501
502,54.0,1470000.0,Superior,Mujer,Cali,2.1,0,UCP00502
503,21.0,1146000.0,Superior,Hombre,Bogotá,1.8,0,UCP00503
504,41.0,743000.0,Superior,Mujer,Cali,2.4,0,UCP00504
505,28.0,598000.0,Básico,Mujer,Barranquilla,0.8,0,UCP00505
506,30.0,708000.0,Superior,Hombre,Barranquilla,0.8,0,UCP00506
507,29.0,1634000.0,Medio,Mujer,Bucaramanga,1.8,0,UCP00507
508,26.0,1754000.0,Medio,Hombre,Bucaramanga,4.1,1,UCP00508
509,35.0,709000.0,Básico,Hombre,Medellín,0.1,0,UCP00509
510,27.0,1948000.0,Básico,Hombre,Medellín,2.3,0,UCP00510
511,38.0,1258000.0,Medio,Hombre,Barranquilla,4.1,1,UCP00511
512,34.0,1573000.0,Medio,Hombre,Bogotá,0.4,0,UCP00512
513,33.0,2306000.0,Básico,Mujer,Cali,0.0,0,UCP00513
514,26.0,1948000.0,Medio,Hombre,Medellín,0.9,0,UCP00514
515,29.0,1366000.0,Básico,Hombre,Medellín,2.2,0,UCP00515
516,43.0,1054000.0,Medio,Hombre,Bogotá,0.4,0,UCP00516
517,40.0,424000.0,Medio,Hombre,Bogotá,1.4,0,UCP00517
518,25.0,1140000.0,Superior,Hombre,Bucaramanga,2.0,0,UCP00518
519,36.0,1394000.0,Superior,Hombre,Cali,2.3,0,UCP00519
520,43.0,1006000.0,Medio,Mujer,Bogotá,0.8,0,UCP00520
521,18.0,1434000.0,Medio,Mujer,Medellín,1.3,0,UCP00521
522,40.0,1538000.0,Medio,Hombre,Medellín,3.8,1,UCP00522
523,28.0,1388000.0,Superior,Mujer,Barranquilla,7.1,1,UCP00523
524,41.0,1175000.0,Medio,Hombre,Bogotá,4.9,1,UCP00524
525,27.0,1584000.0,Básico,Hombre,Bucaramanga,2.1,0,UCP00525
526,18.0,1721000.0,Básico,Hombre,Cali,1.3,0,UCP00526
527,19.0,955000.0,Medio,Hombre,Bucaramanga,1.0,0,UCP00527
528,35.0,2205000.0,Medio,Hombre,Medellín,0.3,0,UCP00528
529,38.0,1451000.0,Superior,Mujer,Bucaramanga,0.3,0,UCP00529
530,26.0,1509000.0,Básico,Mujer,Medellín,2.9,0,UCP00530
531,41.0,1854000.0,Medio,Mujer,Medellín,0.8,0,UCP00531
532,18.0,1617000.0,Superior,Mujer,Medellín,0.7,0,UCP00532
533,34.0,1977000.0,Superior,Hombre,Medellín,12.0,1,UCP00533
534,23.0,1644000.0,Medio,Mujer,Medellín,0.5,0,UCP00534
535,28.0,1194000.0,Medio,Hombre,Barranquilla,0.4,0,UCP00535
536,35.0,1681000.0,Medio,Mujer,Bucaramanga,0.3,0,UCP00536
537,26.0,928000.0,Superior,Mujer,Barranquilla,2.2,0,UCP00537
538,31.0,1554000.0,Básico,Mujer,Barranquilla,2.5,0,UCP00538
539,45.0,1483000.0,Superior,Mujer,Bogotá,1.1,0,UCP00539
540,29.0,1396000.0,Medio,Hombre,Bogotá,1.9,0,UCP00540
541,43.0,1436000.0,Medio,Mujer,Bogotá,3.9,1,UCP00541
542,24.0,559000.0,Básico,Mujer,Cali,4.3,1,UCP00542
543,40.0,1226000.0,Medio,Hombre,Bogotá,7.9,1,UCP00543
544,49.0,1546000.0,Medio,Hombre,Bucaramanga,4.3,1,UCP00544
545,18.0,1580000.0,Básico,Mujer,Barranquilla,2.1,0,UCP00545
546,27.0,986000.0,Medio,Hombre,Bucaramanga,0.5,0,UCP00546
547,41.0,2133000.0,Superior,Hombre,Bogotá,0.3,0,UCP00547
548,33.0,1067000.0,Medio,Hombre,Cali,0.1,0,UCP00548
549,39.0,1985000.0,Superior,Mujer,Cali,2.7,0,UCP00549
550,29.0,1714000.0,Básico,Hombre,Barranquilla,4.1,1,UCP00550
551,36.0,1177000.0,Medio,Mujer,Bucaramanga,1.8,0,UCP00551
552,33.0,2388000.0,Básico,Mujer,Medellín,0.1,0,UCP00552
553,47.0,903000.0,Medio,Mujer,Bucaramanga,1.9,0,UCP00553
554,38.0,1960000.0,Superior,Mujer,Bogotá,6.9,1,UCP00554
555,38.0,2000000.0,Medio,Hombre,Medellín,2.3,0,UCP00555
556,31.0,1165000.0,Básico,Mujer,Cali,4.1,1,UCP00556
557,30.0,2196000.0,Medio,Hombre,Barranquilla,4.0,1,UCP00557
558,31.0,1375000.0,Medio,Mujer,Barranquilla,6.7,1,UCP00558
559,39.0,1644000.0,Medio,Hombre,Cali,3.7,1,UCP00559
560,31.0,1630000.0,Superior,Mujer,Bogotá,3.4,0,UCP00560
561,38.0,1433000.0,Superior,Hombre,Cali,0.7,0,UCP00561
562,56.0,1905000.0,Medio,Mujer,Bogotá,0.2,0,UCP00562
563,44.0,1897000.0,Medio,Mujer,Medellín,1.8,0,UCP00563
564,32.0,626000.0,Básico,Hombre,Cali,0.3,0,UCP00564
565,47.0,2152000.0,Básico,Mujer,Bogotá,8.2,1,UCP00565
566,31.0,669000.0,Medio,Mujer,Medellín,0.9,0,UCP00566
567,18.0,2016000.0,Medio,Mujer,Cali,4.8,1,UCP00567
568,25.0,2063000.0,Medio,Hombre,Barranquilla,1.2,0,UCP00568
569,18.0,955000.0,Medio,Mujer,Cali,1.0,0,UCP00569
570,31.0,1295000.0,Básico,Mujer,Bucaramanga,6.8,1,UCP00570
571,35.0,947000.0,Medio,Hombre,Cali,1.1,0,UCP00571
572,52.0,1393000.0,Básico,Hombre,Bucaramanga,1.2,0,UCP00572
573,38.0,1346000.0,Básico,Hombre,Medellín,0.3,0,UCP00573
574,33.0,1890000.0,Superior,Hombre,Cali,2.8,0,UCP00574
575,43.0,2155000.0,Básico,Hombre,Medellín,0.9,0,UCP00575
576,18.0,2198000.0,Medio,Mujer,Medellín,2.2,0,UCP00576
577,37.0,1219000.0,Básico,Mujer,Bogotá,2.2,0,UCP00577
578,43.0,1395000.0,Superior,Mujer,Medellín,3.2,0,UCP00578
579,20.0,658000.0,Medio,Hombre,Medellín,3.4,0,UCP00579
580,46.0,1097000.0,Básico,Mujer,Cali,1.8,0,UCP00580
581,38.0,1982000.0,Medio,Hombre,Cali,1.0,0,UCP00581
582,31.0,2308000.0,Superior,Hombre,Barranquilla,4.5,1,UCP00582
583,41.0,883000.0,Superior,Mujer,Bogotá,0.9,0,UCP00583
584,58.0,1204000.0,Básico,Hombre,Medellín,1.8,0,UCP00584
585,37.0,1487000.0,Superior,Hombre,Bogotá,1.3,0,UCP00585
586,37.0,1640000.0,Superior,Mujer,Bucaramanga,4.8,1,UCP00586
587,30.0,1095000.0,Superior,Hombre,Medellín,1.4,0,UCP00587
588,27.0,1712000.0,Medio,Hombre,Bogotá,1.2,0,UCP00588
589,43.0,1263000.0,Medio,Mujer,Barranquilla,2.9,0,UCP00589
590,26.0,1493000.0,Medio,Hombre,Barranquilla,2.3,0,UCP00590
591,36.0,1773000.0,Superior,Hombre,Medellín,0.3,0,UCP00591
592,30.0,1503000.0,Medio,Mujer,Bucaramanga,1.8,0,UCP00592
593,40.0,1282000.0,Medio,Mujer,Barranquilla,3.3,0,UCP00593
594,38.0,1445000.0,Medio,Mujer,Barranquilla,12.0,1,UCP00594
595,45.0,1456000.0,Superior,Mujer,Bucaramanga,2.5,0,UCP00595
596,30.0,1315000.0,Superior,Hombre,Bogotá,1.2,0,UCP00596
597,32.0,1371000.0,Básico,Hombre,Barranquilla,0.6,0,UCP00597
598,25.0,2299000.0,Superior,Mujer,Cali,5.2,1,UCP00598
599,31.0,1780000.0,Medio,Hombre,Barranquilla,4.2,1,UCP00599
600,39.0,1352000.0,Superior,Hombre,Bogotá,0.7,0,UCP00600
601,43.0,1848000.0,Medio,Mujer,Bogotá,0.6,0,UCP00601
602,26.0,1333000.0,Medio,Mujer,Medellín,3.1,0,UCP00602
603,44.0,2087000.0,Superior,Hombre,Cali,0.9,0,UCP00603
604,49.0,1685000.0,Básico,Mujer,Bogotá,0.9,0,UCP00604
605,39.0,1446000.0,Superior,Mujer,Bucaramanga,0.4,0,UCP00605
606,54.0,1724000.0,Medio,Mujer,Cali,0.8,0,UCP00606
607,27.0,715000.0,Medio,Hombre,Cali,1.4,0,UCP00607
608,23.0,937000.0,Medio,Mujer,Bucaramanga,3.3,0,UCP00608
609,18.0,903000.0,Medio,Hombre,Barranquilla,1.0,0,UCP00609
610,50.0,1571000.0,Medio,Hombre,Bucaramanga,1.0,0,UCP00610
611,42.0,2366000.0,Básico,Hombre,Bucaramanga,0.8,0,UCP00611
612,34.0,2616000.0,Básico,Mujer,Barranquilla,1.6,0,UCP00612
613,38.0,1819000.0,Básico,Mujer,Barranquilla,0.5,0,UCP00613
614,24.0,1750000.0,Superior,Mujer,Barranquilla,1.7,0,UCP00614
615,59.0,599000.0,Superior,Mujer,Barranquilla,3.0,0,UCP00615
616,36.0,1229000.0,Medio,Mujer,Barranquilla,0.1,0,UCP00616
617,36.0,1106000.0,Superior,Hombre,Bucaramanga,0.0,0,UCP00617
618,42.0,1190000.0,Medio,Hombre,Medellín,0.2,0,UCP00618
619,40.0,1416000.0,Medio,Hombre,Medellín,1.9,0,UCP00619
620,37.0,1264000.0,Superior,Mujer,Bogotá,4.8,1,UCP00620
621,27.0,510000.0,Superior,Hombre,Medellín,0.0,0,UCP00621
622,40.0,1874000.0,Medio,Hombre,Medellín,6.9,1,UCP00622
623,54.0,964000.0,Superior,Mujer,Bucaramanga,0.3,0,UCP00623
624,48.0,1620000.0,Básico,Mujer,Barranquilla,4.6,1,UCP00624
625,51.0,2537000.0,Superior,Hombre,Barranquilla,1.6,0,UCP00625
626,30.0,1040000.0,Básico,Hombre,Bucaramanga,2.7,0,UCP00626
627,25.0,300000.0,Medio,Mujer,Medellín,1.8,0,UCP00627
628,34.0,1357000.0,Medio,Mujer,Bucaramanga,1.6,0,UCP00628
629,36.0,2050000.0,Medio,Mujer,Bogotá,4.5,1,UCP00629
630,46.0,2479000.0,Básico,Mujer,Barranquilla,3.5,0,UCP00630
631,18.0,885000.0,Superior,Hombre,Cali,1.7,0,UCP00631
632,50.0,1748000.0,Básico,Hombre,Bogotá,0.3,0,UCP00632
633,33.0,1267000.0,Medio,Mujer,Bogotá,0.3,0,UCP00633
634,31.0,1447000.0,Básico,Hombre,Bucaramanga,4.0,1,UCP00634
635,25.0,2822000.0,Medio,Hombre,Medellín,1.9,0,UCP00635
636,18.0,749000.0,Medio,Mujer,Barranquilla,1.6,0,UCP00636
637,43.0,1627000.0,Medio,Hombre,Cali,2.9,0,UCP00637
638,36.0,1734000.0,Básico,Hombre,Bogotá,4.9,1,UCP00638
639,22.0,2043000.0,Básico,Hombre,Cali,2.5,0,UCP00639
640,22.0,1549000.0,Medio,Mujer,Medellín,3.6,1,UCP00640
641,32.0,1654000.0,Superior,Mujer,Medellín,3.6,1,UCP00641
642,52.0,1304000.0,Superior,Hombre,Cali,1.1,0,UCP00642
643,32.0,1635000.0,Básico,Mujer,Barranquilla,0.8,0,UCP00643
644,20.0,1328000.0,Medio,Mujer,Medellín,4.0,1,UCP00644
645,33.0,1811000.0,Básico,Mujer,Cali,1.2,0,UCP00645
646,32.0,1315000.0,Básico,Hombre,Bogotá,5.8,1,UCP00646
647,18.0,1689000.0,Medio,Hombre,Cali,0.2,0,UCP00647
648,34.0,1485000.0,Medio,Mujer,Cali,0.1,0,UCP00648
649,33.0,2063000.0,Básico,Hombre,Bucaramanga,6.5,1,UCP00649
650,42.0,1474000.0,Básico,Hombre,Medellín,2.6,0,UCP00650
651,53.0,613000.0,Básico,Hombre,Barranquilla,1.2,0,UCP00651
652,46.0,2131000.0,Superior,Hombre,Barranquilla,3.5,0,UCP00652
653,32.0,1047000.0,Superior,Hombre,Bucaramanga,2.8,0,UCP00653
654,24.0,1173000.0,Básico,Mujer,Barranquilla,1.9,0,UCP00654
655,61.0,1202000.0,Básico,Hombre,Cali,0.3,0,UCP00655
656,36.0,2187000.0,Superior,Hombre,Bucaramanga,4.2,1,UCP00656
657,35.0,432000.0,Superior,Hombre,Bogotá,5.0,1,UCP00657
658,35.0,3069000.0,Medio,Mujer,Medellín,0.5,0,UCP00658
659,37.0,2028000.0,Básico,Mujer,Medellín,4.8,1,UCP00659
660,34.0,1612000.0,Básico,Mujer,Medellín,5.3,1,UCP00660
661,29.0,1473000.0,Medio,Hombre,Cali,2.0,0,UCP00661
662,30.0,1643000.0,Medio,Mujer,Bogotá,2.7,0,UCP00662
663,35.0,1761000.0,Básico,Mujer,Bucaramanga,1.2,0,UCP00663
664,30.0,1823000.0,Medio,Mujer,Bucaramanga,0.8,0,UCP00664
665,28.0,1778000.0,Básico,Mujer,Medellín,3.2,0,UCP00665
666,36.0,1545000.0,Superior,Hombre,Bogotá,4.9,1,UCP00666
667,32.0,1401000.0,Medio,Mujer,Bogotá,2.7,0,UCP00667
668,50.0,1424000.0,Básico,Mujer,Bogotá,1.8,0,UCP00668
669,18.0,1403000.0,Medio,Hombre,Barranquilla,0.4,0,UCP00669
670,46.0,2067000.0,Medio,Hombre,Barranquilla,0.1,0,UCP00670
671,47.0,1797000.0,Superior,Mujer,Medellín,1.5,0,UCP00671
672,18.0,300000.0,Medio,Hombre,Bogotá,0.1,0,UCP00672
673,32.0,1828000.0,Básico,Mujer,Bogotá,2.1,0,UCP00673
674,31.0,1597000.0,Superior,Hombre,Bucaramanga,1.2,0,UCP00674
675,21.0,1491000.0,Básico,Hombre,Bucaramanga,3.5,0,UCP00675
676,27.0,1306000.0,Superior,Mujer,Medellín,0.9,0,UCP00676
677,24.0,2062000.0,Medio,Hombre,Bogotá,2.2,0,UCP00677
678,53.0,1974000.0,Medio,Mujer,Medellín,1.9,0,UCP00678
679,44.0,1114000.0,Básico,Hombre,Bucaramanga,0.0,0,UCP00679
680,48.0,1704000.0,Medio,Mujer,Bucaramanga,0.2,0,UCP00680
681,42.0,1014000.0,Superior,Hombre,Barranquilla,0.9,0,UCP00681
682,24.0,810000.0,Superior,Hombre,Medellín,5.3,1,UCP00682
683,30.0,1187000.0,Básico,Hombre,Medellín,0.4,0,UCP00683
684,40.0,1931000.0,Básico,Hombre,Bogotá,3.1,0,UCP00684
685,23.0,1977000.0,Superior,Hombre,Bogotá,9.1,1,UCP00685
686,42.0,1757000.0,Superior,Mujer,Barranquilla,3.9,1,UCP00686
687,33.0,1863000.0,Básico,Hombre,Cali,0.7,0,UCP00687
688,31.0,1758000.0,Medio,Mujer,Cali,6.0,1,UCP00688
689,42.0,1179000.0,Medio,Mujer,Cali,0.2,0,UCP00689
690,39.0,1716000.0,Superior,Mujer,Medellín,1.6,0,UCP00690
691,31.0,1900000.0,Básico,Hombre,Medellín,5.5,1,UCP00691
692,47.0,1877000.0,Básico,Mujer,Bucaramanga,2.6,0,UCP00692
693,24.0,2094000.0,Superior,Hombre,Medellín,1.3,0,UCP00693
694,41.0,1854000.0,Básico,Mujer,Medellín,0.9,0,UCP00694
695,41.0,1676000.0,Medio,Mujer,Medellín,1.2,0,UCP00695
696,32.0,2035000.0,Medio,Mujer,Barranquilla,1.8,0,UCP00696
697,38.0,1487000.0,Medio,Mujer,Medellín,1.0,0,UCP00697
698,22.0,1059000.0,Medio,Mujer,Bogotá,8.7,1,UCP00698
699,44.0,1418000.0,Medio,Hombre,Bogotá,6.8,1,UCP00699
700,33.0,1128000.0,Básico,Mujer,Bucaramanga,5.1,1,UCP00700
701,30.0,1162000.0,Medio,Mujer,Barranquilla,1.4,0,UCP00701
702,45.0,1428000.0,Superior,Hombre,Bogotá,2.9,0,UCP00702
703,28.0,1104000.0,Superior,Hombre,Barranquilla,5.8,1,UCP00703
704,21.0,1346000.0,Básico,Hombre,Barranquilla,4.7,1,UCP00704
705,19.0,553000.0,Básico,Mujer,Bucaramanga,1.3,0,UCP00705
706,41.0,1607000.0,Básico,Mujer,Barranquilla,0.3,0,UCP00706
707,22.0,1501000.0,Medio,Mujer,Medellín,0.2,0,UCP00707
708,53.0,1091000.0,Medio,Mujer,Barranquilla,2.2,0,UCP00708
709,18.0,1830000.0,Medio,Mujer,Bucaramanga,2.6,0,UCP00709
710,52.0,1969000.0,Básico,Mujer,Bucaramanga,4.7,1,UCP00710
711,37.0,696000.0,Básico,Hombre,Bucaramanga,0.9,0,UCP00711
712,34.0,1119000.0,Medio,Hombre,Bogotá,0.5,0,UCP00712
713,30.0,1115000.0,Medio,Mujer,Medellín,1.2,0,UCP00713
714,39.0,1030000.0,Básico,Mujer,Bogotá,1.1,0,UCP00714
715,35.0,1915000.0,Medio,Mujer,Cali,0.4,0,UCP00715
716,46.0,1403000.0,Básico,Mujer,Medellín,2.8,0,UCP00716
717,36.0,1368000.0,Superior,Mujer,Barranquilla,1.8,0,UCP00717
718,37.0,498000.0,Superior,Hombre,Bucaramanga,3.2,0,UCP00718
719,31.0,1818000.0,Básico,Hombre,Cali,1.1,0,UCP00719
720,34.0,880000.0,Básico,Mujer,Medellín,1.0,0,UCP00720
721,38.0,1530000.0,Medio,Hombre,Bogotá,1.6,0,UCP00721
722,18.0,1639000.0,Básico,Mujer,Bucaramanga,5.2,1,UCP00722
723,22.0,2180000.0,Medio,Mujer,Bogotá,0.1,0,UCP00723
724,42.0,846000.0,Superior,Mujer,Medellín,4.1,1,UCP00724
725,37.0,300000.0,Medio,Hombre,Medellín,1.2,0,UCP00725
726,33.0,1592000.0,Superior,Hombre,Cali,4.8,1,UCP00726
727,35.0,2400000.0,Medio,Mujer,Barranquilla,4.1,1,UCP00727
728,38.0,2119000.0,Básico,Hombre,Bogotá,1.1,0,UCP00728
729,30.0,1605000.0,Superior,Hombre,Cali,3.0,0,UCP00729
730,27.0,1254000.0,Medio,Mujer,Bucaramanga,0.4,0,UCP00730
731,37.0,1904000.0,Medio,Hombre,Barranquilla,5.7,1,UCP00731
732,25.0,1013000.0,Básico,Hombre,Cali,1.3,0,UCP00732
733,39.0,1738000.0,Básico,Mujer,Bogotá,1.5,0,UCP00733
734,18.0,1753000.0,Superior,Mujer,Medellín,3.1,0,UCP00734
735,45.0,2030000.0,Básico,Hombre,Bucaramanga,4.3,1,UCP00735
736,40.0,2880000.0,Superior,Mujer,Bogotá,0.7,0,UCP00736
737,38.0,1696000.0,Superior,Hombre,Barranquilla,2.7,0,UCP00737
738,45.0,1246000.0,Superior,Mujer,Barranquilla,1.2,0,UCP00738
739,52.0,1487000.0,Medio,Mujer,Medellín,1.1,0,UCP00739
740,45.0,615000.0,Medio,Mujer,Medellín,2.9,0,UCP00740
741,18.0,1153000.0,Superior,Mujer,Bucaramanga,1.2,0,UCP00741
742,22.0,1295000.0,Básico,Hombre,Bucaramanga,1.1,0,UCP00742
743,29.0,1238000.0,Medio,Mujer,Medellín,4.5,1,UCP00743
744,35.0,1576000.0,Medio,Mujer,Medellín,0.3,0,UCP00744
745,40.0,1089000.0,Medio,Mujer,Barranquilla,2.8,0,UCP00745
746,28.0,2061000.0,Medio,Hombre,Medellín,0.7,0,UCP00746
747,37.0,1500000.0,Medio,Hombre,Cali,0.0,0,UCP00747
748,27.0,1495000.0,Medio,Mujer,Bogotá,0.5,0,UCP00748
749,29.0,1336000.0,Superior,Mujer,Medellín,2.3,0,UCP00749
750,21.0,1578000.0,Básico,Mujer,Bucaramanga,3.1,0,UCP00750
751,26.0,1913000.0,Superior,Mujer,Cali,0.1,0,UCP00751
752,21.0,1066000.0,Medio,Mujer,Bucaramanga,0.1,0,UCP00752
753,25.0,1171000.0,Superior,Mujer,Cali,5.8,1,UCP00753
754,46.0,1348000.0,Medio,Hombre,Medellín,0.2,0,UCP00754
755,26.0,827000.0,Superior,Mujer,Bogotá,5.6,1,UCP00755
756,61.0,1090000.0,Básico,Mujer,Bucaramanga,0.6,0,UCP00756
757,40.0,1262000.0,Superior,Mujer,Cali,3.4,0,UCP00757
758,37.0,1937000.0,Básico,Mujer,Barranquilla,0.9,0,UCP00758
759,26.0,1631000.0,Superior,Mujer,Medellín,4.9,1,UCP00759
760,42.0,1597000.0,Superior,Mujer,Bogotá,3.0,0,UCP00760
761,29.0,1925000.0,Básico,Hombre,Medellín,1.3,0,UCP00761
762,36.0,1431000.0,Básico,Hombre,Barranquilla,0.2,0,UCP00762
763,61.0,1695000.0,Superior,Hombre,Bogotá,3.3,0,UCP00763
764,34.0,1448000.0,Básico,Hombre,Barranquilla,2.4,0,UCP00764
765,46.0,1633000.0,Superior,Hombre,Medellín,0.0,0,UCP00765
766,28.0,1209000.0,Básico,Hombre,Cali,0.0,0,UCP00766
767,35.0,300000.0,Básico,Mujer,Medellín,4.1,1,UCP00767
768,53.0,1433000.0,Superior,Mujer,Medellín,0.8,0,UCP00768
769,29.0,2211000.0,Medio,Mujer,Medellín,2.5,0,UCP00769
770,53.0,1963000.0,Superior,Mujer,Bucaramanga,1.5,0,UCP00770
771,42.0,1983000.0,Medio,Mujer,Barranquilla,5.0,1,UCP00771
772,29.0,2118000.0,Medio,Mujer,Barranquilla,6.2,1,UCP00772
773,41.0,1544000.0,Medio,Hombre,Barranquilla,12.0,1,UCP00773
774,45.0,1599000.0,Medio,Mujer,Bucaramanga,0.4,0,UCP00774
775,41.0,1191000.0,Medio,Hombre,Cali,5.0,1,UCP00775
776,19.0,1342000.0,Medio,Hombre,Medellín,0.8,0,UCP00776
777,28.0,1808000.0,Medio,Mujer,Cali,2.2,0,UCP00777
778,33.0,2102000.0,Básico,Mujer,Bucaramanga,1.8,0,UCP00778
779,34.0,1430000.0,Superior,Mujer,Barranquilla,0.0,0,UCP00779
780,41.0,1275000.0,Básico,Mujer,Medellín,6.7,1,UCP00780
781,37.0,1500000.0,Medio,Mujer,Bogotá,0.2,0,UCP00781
782,22.0,1801000.0,Básico,Mujer,Bogotá,2.9,0,UCP00782
783,39.0,778000.0,Medio,Mujer,Cali,3.8,1,UCP00783
784,41.0,352000.0,Superior,Hombre,Barranquilla,4.0,1,UCP00784
785,41.0,1225000.0,Básico,Mujer,Bogotá,0.4,0,UCP00785
786,46.0,890000.0,Básico,Mujer,Cali,1.5,0,UCP00786
787,43.0,1246000.0,Básico,Hombre,Bucaramanga,4.4,1,UCP00787
788,40.0,1426000.0,Medio,Mujer,Cali,0.9,0,UCP00788
789,34.0,1273000.0,Superior,Mujer,Cali,1.6,0,UCP00789
790,18.0,2226000.0,Básico,Hombre,Cali,0.8,0,UCP00790
791,39.0,1663000.0,Superior,Mujer,Medellín,1.6,0,UCP00791
792,37.0,1650000.0,Medio,Mujer,Cali,5.5,1,UCP00792
793,38.0,1811000.0,Medio,Mujer,Cali,1.5,0,UCP00793
794,22.0,931000.0,Superior,Mujer,Medellín,2.0,0,UCP00794
795,24.0,2020000.0,Medio,Mujer,Medellín,1.3,0,UCP00795
796,46.0,1462000.0,Medio,Mujer,Bucaramanga,1.5,0,UCP00796
797,35.0,1835000.0,Básico,Hombre,Barranquilla,0.0,0,UCP00797
798,42.0,964000.0,Básico,Mujer,Bogotá,0.8,0,UCP00798
799,35.0,723000.0,Básico,Mujer,Bogotá,1.4,0,UCP00799
800,35.0,1909000.0,Básico,Hombre,Cali,2.5,0,UCP00800
801,44.0,1688000.0,Medio,Hombre,Bucaramanga,1.5,0,UCP00801
802,30.0,1049000.0,Medio,Mujer,Cali,1.0,0,UCP00802
803,36.0,1065000.0,Medio,Hombre,Bogotá,1.2,0,UCP00803
804,30.0,2063000.0,Básico,Mujer,Medellín,0.7,0,UCP00804
805,31.0,905000.0,Básico,Mujer,Barranquilla,6.5,1,UCP00805
806,32.0,2321000.0,Medio,Hombre,Bucaramanga,1.8,0,UCP00806
807,37.0,1050000.0,Superior,Mujer,Medellín,0.0,0,UCP00807
808,30.0,1819000.0,Básico,Mujer,Barranquilla,0.0,0,UCP00808
809,48.0,1336000.0,Superior,Hombre,Bucaramanga,9.0,1,UCP00809
810,26.0,1802000.0,Medio,Hombre,Bucaramanga,0.6,0,UCP00810
811,33.0,1228000.0,Medio,Hombre,Bogotá,4.1,1,UCP00811
812,31.0,1419000.0,Medio,Hombre,Medellín,0.2,0,UCP00812
813,49.0,1520000.0,Básico,Mujer,Bucaramanga,6.4,1,UCP00813
814,37.0,999000.0,Básico,Hombre,Bucaramanga,5.2,1,UCP00814
815,45.0,1870000.0,Medio,Hombre,Barranquilla,2.1,0,UCP00815
816,20.0,1243000.0,Medio,Hombre,Bogotá,0.0,0,UCP00816
817,38.0,1386000.0,Superior,Hombre,Cali,0.7,0,UCP00817
818,44.0,1003000.0,Medio,Hombre,Bogotá,1.3,0,UCP00818
819,36.0,300000.0,Básico,Mujer,Cali,1.5,0,UCP00819
820,46.0,1404000.0,Superior,Hombre,Medellín,0.9,0,UCP00820
821,30.0,2706000.0,Básico,Mujer,Medellín,0.1,0,UCP00821
822,49.0,1892000.0,Medio,Hombre,Bucaramanga,2.2,0,UCP00822
823,58.0,1490000.0,Medio,Hombre,Medellín,1.9,0,UCP00823
824,31.0,1369000.0,Superior,Hombre,Bucaramanga,0.8,0,UCP00824
825,31.0,1511000.0,Superior,Hombre,Bogotá,0.1,0,UCP00825
826,50.0,1774000.0,Medio,Hombre,Medellín,12.0,1,UCP00826
827,51.0,910000.0,Medio,Hombre,Bogotá,1.6,0,UCP00827
828,30.0,2057000.0,Superior,Hombre,Bogotá,3.5,0,UCP00828
829,31.0,1858000.0,Básico,Hombre,Medellín,1.5,0,UCP00829
830,32.0,1859000.0,Básico,Mujer,Bogotá,0.1,0,UCP00830
831,22.0,1719000.0,Básico,Hombre,Medellín,0.9,0,UCP00831
832,26.0,1510000.0,Básico,Mujer,Medellín,1.0,0,UCP00832
833,25.0,1836000.0,Medio,Hombre,Medellín,4.6,1,UCP00833
834,27.0,1796000.0,Medio,Mujer,Cali,2.7,0,UCP00834
835,35.0,1323000.0,Medio,Hombre,Bogotá,0.8,0,UCP00835
836,37.0,1213000.0,Básico,Hombre,Barranquilla,8.6,1,UCP00836
837,51.0,1551000.0,Superior,Hombre,Medellín,1.0,0,UCP00837
838,25.0,2275000.0,Medio,Mujer,Bogotá,12.0,1,UCP00838
839,45.0,880000.0,Medio,Mujer,Bucaramanga,12.0,1,UCP00839
840,33.0,766000.0,Medio,Mujer,Medellín,0.5,0,UCP00840
841,35.0,1582000.0,Medio,Mujer,Medellín,0.9,0,UCP00841
842,42.0,1525000.0,Básico,Hombre,Barranquilla,1.7,0,UCP00842
843,24.0,1587000.0,Básico,Hombre,Cali,2.7,0,UCP00843
844,39.0,1622000.0,Superior,Hombre,Cali,1.9,0,UCP00844
845,37.0,1388000.0,Superior,Mujer,Medellín,8.7,1,UCP00845
846,40.0,2245000.0,Medio,Hombre,Bogotá,3.2,0,UCP00846
847,38.0,700000.0,Básico,Mujer,Bucaramanga,0.6,0,UCP00847
848,60.0,1086000.0,Medio,Mujer,Bucaramanga,0.3,0,UCP00848
849,29.0,1448000.0,Superior,Mujer,Bogotá,2.9,0,UCP00849
850,30.0,678000.0,Superior,Mujer,Medellín,0.4,0,UCP00850
851,29.0,1412000.0,Básico,Mujer,Bucaramanga,3.9,1,UCP00851
852,29.0,2331000.0,Básico,Hombre,Cali,0.9,0,UCP00852
853,29.0,1510000.0,Superior,Mujer,Bogotá,1.0,0,UCP00853
854,47.0,1615000.0,Medio,Mujer,Barranquilla,0.0,0,UCP00854
855,49.0,870000.0,Básico,Hombre,Medellín,3.0,0,UCP00855
856,29.0,1192000.0,Básico,Mujer,Bogotá,0.3,0,UCP00856
857,27.0,1312000.0,Medio,Mujer,Bucaramanga,3.7,1,UCP00857
858,40.0,1341000.0,Superior,Hombre,Medellín,1.7,0,UCP00858
859,29.0,2141000.0,Superior,Hombre,Cali,3.8,1,UCP00859
860,41.0,1779000.0,Medio,Hombre,Medellín,2.2,0,UCP00860
861,37.0,944000.0,Medio,Mujer,Medellín,0.2,0,UCP00861
862,20.0,1623000.0,Básico,Hombre,Cali,3.6,1,UCP00862
863,50.0,1749000.0,Medio,Hombre,Cali,0.2,0,UCP00863
864,53.0,2070000.0,Medio,Hombre,Medellín,1.6,0,UCP00864
865,29.0,2290000.0,Medio,Mujer,Cali,0.5,0,UCP00865
866,31.0,992000.0,Medio,Hombre,Bogotá,3.5,0,UCP00866
867,38.0,1095000.0,Básico,Mujer,Cali,6.1,1,UCP00867
868,38.0,871000.0,Básico,Mujer,Cali,2.0,0,UCP00868
869,42.0,1383000.0,Medio,Hombre,Medellín,1.9,0,UCP00869
870,55.0,1733000.0,Básico,Mujer,Bogotá,3.6,1,UCP00870
871,33.0,1994000.0,Básico,Mujer,Barranquilla,0.0,0,UCP00871
872,27.0,1462000.0,Superior,Hombre,Barranquilla,6.2,1,UCP00872
873,21.0,1340000.0,Medio,Mujer,Bucaramanga,0.5,0,UCP00873
874,28.0,1576000.0,Medio,Hombre,Cali,10.4,1,UCP00874
875,35.0,1082000.0,Superior,Mujer,Cali,3.3,0,UCP00875
876,53.0,2545000.0,Superior,Mujer,Bogotá,3.7,1,UCP00876
877,30.0,696000.0,Medio,Hombre,Barranquilla,2.7,0,UCP00877
878,37.0,1592000.0,Superior,Hombre,Bucaramanga,1.6,0,UCP00878
879,35.0,2512000.0,Medio,Mujer,Bogotá,2.1,0,UCP00879
880,47.0,1503000.0,Medio,Mujer,Cali,0.1,0,UCP00880
881,60.0,1405000.0,Medio,Hombre,Barranquilla,2.4,0,UCP00881
882,30.0,1321000.0,Medio,Mujer,Bucaramanga,2.5,0,UCP00882
883,30.0,1410000.0,Medio,Mujer,Medellín,5.5,1,UCP00883
884,45.0,2186000.0,Medio,Mujer,Barranquilla,1.8,0,UCP00884
885,42.0,394000.0,Básico,Mujer,Bucaramanga,0.2,0,UCP00885
886,53.0,2267000.0,Medio,Hombre,Bogotá,0.9,0,UCP00886
887,41.0,788000.0,Básico,Hombre,Medellín,2.7,0,UCP00887
888,31.0,1367000.0,Medio,Hombre,Bucaramanga,0.7,0,UCP00888
889,41.0,1285000.0,Medio,Hombre,Bucaramanga,0.8,0,UCP00889
890,46.0,1794000.0,Superior,Hombre,Cali,4.3,1,UCP00890
891,43.0,701000.0,Superior,Hombre,Barranquilla,2.2,0,UCP00891
892,40.0,1731000.0,Superior,Mujer,Cali,1.8,0,UCP00892
893,46.0,2512000.0,Medio,Hombre,Medellín,1.0,0,UCP00893
894,47.0,818000.0,Superior,Mujer,Bucaramanga,3.3,0,UCP00894
895,49.0,1595000.0,Medio,Mujer,Cali,0.8,0,UCP00895
896,41.0,1169000.0,Básico,Mujer,Barranquilla,3.3,0,UCP00896
897,33.0,1713000.0,Básico,Hombre,Medellín,0.2,0,UCP00897
898,36.0,1510000.0,Básico,Mujer,Bogotá,5.0,1,UCP00898
899,47.0,1179000.0,Medio,Hombre,Cali,1.7,0,UCP00899
900,27.0,1744000.0,Medio,Mujer,Medellín,1.4,0,UCP00900
901,39.0,2402000.0,Superior,Mujer,Bogotá,2.4,0,UCP00901
902,31.0,1405000.0,Básico,Hombre,Cali,2.4,0,UCP00902
903,35.0,1860000.0,Básico,Mujer,Medellín,0.4,0,UCP00903
904,48.0,853000.0,Superior,Mujer,Medellín,3.5,0,UCP00904
905,37.0,1022000.0,Básico,Mujer,Cali,0.8,0,UCP00905
906,35.0,1736000.0,Medio,Mujer,Medellín,5.9,1,UCP00906
907,21.0,2242000.0,Medio,Hombre,Bucaramanga,4.3,1,UCP00907
908,42.0,1678000.0,Medio,Mujer,Cali,1.1,0,UCP00908
909,41.0,1343000.0,Básico,Mujer,Medellín,4.1,1,UCP00909
910,57.0,1500000.0,Básico,Hombre,Bogotá,1.1,0,UCP00910
911,32.0,875000.0,Básico,Mujer,Bogotá,0.3,0,UCP00911
912,37.0,1802000.0,Medio,Mujer,Bucaramanga,8.2,1,UCP00912
913,37.0,1941000.0,Medio,Mujer,Cali,2.6,0,UCP00913
914,51.0,1274000.0,Básico,Mujer,Medellín,1.5,0,UCP00914
915,34.0,1265000.0,Medio,Hombre,Medellín,1.3,0,UCP00915
916,38.0,1633000.0,Superior,Mujer,Bogotá,1.0,0,UCP00916
917,41.0,1282000.0,Básico,Hombre,Bucaramanga,10.0,1,UCP00917
918,37.0,1467000.0,Medio,Mujer,Bogotá,0.4,0,UCP00918
919,31.0,2550000.0,Medio,Mujer,Bogotá,0.9,0,UCP00919
920,37.0,1376000.0,Básico,Mujer,Bucaramanga,1.7,0,UCP00920
921,46.0,1321000.0,Medio,Hombre,Cali,1.6,0,UCP00921
922,25.0,1176000.0,Medio,Mujer,Medellín,1.6,0,UCP00922
923,36.0,1872000.0,Superior,Mujer,Cali,0.5,0,UCP00923
924,28.0,1409000.0,Superior,Hombre,Barranquilla,0.4,0,UCP00924
925,47.0,1175000.0,Medio,Hombre,Barranquilla,0.7,0,UCP00925
926,20.0,2161000.0,Superior,Hombre,Barranquilla,6.1,1,UCP00926
927,29.0,2210000.0,Medio,Hombre,Bucaramanga,0.3,0,UCP00927
928,39.0,1200000.0,Medio,Mujer,Bogotá,3.5,0,UCP00928
929,51.0,567000.0,Medio,Mujer,Cali,3.5,0,UCP00929
930,34.0,2004000.0,Básico,Mujer,Medellín,4.1,1,UCP00930
931,29.0,1158000.0,Superior,Mujer,Barranquilla,5.4,1,UCP00931
932,54.0,1895000.0,Medio,Hombre,Cali,0.8,0,UCP00932
933,21.0,515000.0,Medio,Mujer,Barranquilla,0.6,0,UCP00933
934,18.0,1946000.0,Superior,Mujer,Barranquilla,1.6,0,UCP00934
935,39.0,894000.0,Básico,Mujer,Medellín,0.8,0,UCP00935
936,30.0,1865000.0,Medio,Mujer,Bucaramanga,3.3,0,UCP00936
937,25.0,1507000.0,Básico,Hombre,Bogotá,2.5,0,UCP00937
938,42.0,1023000.0,Superior,Mujer,Bucaramanga,5.2,1,UCP00938
939,37.0,1296000.0,Superior,Mujer,Cali,0.2,0,UCP00939
940,29.0,1843000.0,Medio,Mujer,Bucaramanga,6.2,1,UCP00940
941,22.0,1553000.0,Medio,Hombre,Cali,0.9,0,UCP00941
942,44.0,1792000.0,Medio,Hombre,Cali,1.7,0,UCP00942
943,42.0,2488000.0,Superior,Mujer,Bogotá,1.4,0,UCP00943
944,34.0,718000.0,Medio,Mujer,Medellín,3.6,1,UCP00944
945,53.0,2309000.0,Medio,Mujer,Bogotá,1.4,0,UCP00945
946,24.0,1552000.0,Superior,Hombre,Bucaramanga,7.2,1,UCP00946
947,20.0,1051000.0,Básico,Mujer,Cali,5.8,1,UCP00947
948,28.0,835000.0,Básico,Mujer,Barranquilla,5.1,1,UCP00948
949,35.0,1405000.0,Medio,Mujer,Barranquilla,0.2,0,UCP00949
950,37.0,1961000.0,Superior,Hombre,Cali,4.8,1,UCP00950
951,33.0,1436000.0,Medio,Mujer,Bogotá,3.8,1,UCP00951
952,39.0,2256000.0,Básico,Mujer,Medellín,0.3,0,UCP00952
953,22.0,774000.0,Medio,Hombre,Bogotá,0.3,0,UCP00953
954,49.0,1494000.0,Medio,Hombre,Cali,0.3,0,UCP00954
955,34.0,874000.0,Básico,Mujer,Cali,0.0,0,UCP00955
956,46.0,1682000.0,Medio,Hombre,Medellín,2.0,0,UCP00956
957,38.0,1943000.0,Superior,Mujer,Bucaramanga,9.1,1,UCP00957
958,40.0,1290000.0,Medio,Hombre,Bucaramanga,1.4,0,UCP00958
959,41.0,300000.0,Medio,Hombre,Medellín,1.9,0,UCP00959
960,39.0,1599000.0,Medio,Mujer,Bucaramanga,8.6,1,UCP00960
961,41.0,1718000.0,Básico,Mujer,Barranquilla,0.7,0,UCP00961
962,48.0,1702000.0,Superior,Mujer,Bucaramanga,4.9,1,UCP00962
963,37.0,2118000.0,Medio,Hombre,Bucaramanga,2.0,0,UCP00963
964,42.0,964000.0,Medio,Mujer,Bucaramanga,2.1,0,UCP00964
965,34.0,1840000.0,Medio,Mujer,Barranquilla,1.1,0,UCP00965
966,49.0,2096000.0,Medio,Mujer,Bucaramanga,2.1,0,UCP00966
967,28.0,611000.0,Medio,Mujer,Barranquilla,0.2,0,UCP00967
968,53.0,1660000.0,Básico,Mujer,Medellín,3.6,1,UCP00968
969,35.0,1248000.0,Superior,Hombre,Bogotá,0.8,0,UCP00969
970,21.0,1459000.0,Superior,Mujer,Medellín,5.5,1,UCP00970
971,36.0,1674000.0,Medio,Mujer,Bogotá,1.1,0,UCP00971
972,28.0,1256000.0,Superior,Hombre,Medellín,0.4,0,UCP00972
973,43.0,1162000.0,Básico,Mujer,Bogotá,3.0,0,UCP00973
974,28.0,1517000.0,Medio,Mujer,Bogotá,0.4,0,UCP00974
975,31.0,956000.0,Medio,Mujer,Cali,3.5,0,UCP00975
976,18.0,957000.0,Medio,Mujer,Bogotá,8.6,1,UCP00976
977,30.0,1840000.0,Medio,Mujer,Bogotá,3.8,1,UCP00977
978,18.0,926000.0,Medio,Hombre,Cali,0.1,0,UCP00978
979,19.0,1833000.0,Básico,Hombre,Bucaramanga,2.3,0,UCP00979
980,43.0,1731000.0,Medio,Hombre,Bucaramanga,3.0,0,UCP00980
981,43.0,637000.0,Básico,Mujer,Cali,4.4,1,UCP00981
982,39.0,1161000.0,Superior,Hombre,Barranquilla,0.1,0,UCP00982
983,25.0,2097000.0,Básico,Mujer,Bogotá,1.6,0,UCP00983
984,35.0,1009000.0,Básico,Mujer,Bogotá,1.9,0,UCP00984
985,35.0,1268000.0,Medio,Mujer,Cali,0.5,0,UCP00985
986,23.0,1731000.0,Medio,Hombre,Cali,1.0,0,UCP00986
987,50.0,1892000.0,Superior,Hombre,Barranquilla,1.5,0,UCP00987
988,44.0,1374000.0,Medio,Hombre,Bucaramanga,4.5,1,UCP00988
989,33.0,1201000.0,Medio,Mujer,Medellín,6.6,1,UCP00989
990,35.0,2211000.0,Superior,Hombre,Bucaramanga,2.5,0,UCP00990
991,37.0,2369000.0,Medio,Mujer,Bogotá,1.3,0,UCP00991
992,18.0,1989000.0,Básico,Hombre,Cali,0.7,0,UCP00992
993,33.0,1543000.0,Medio,Hombre,Barranquilla,10.1,1,UCP00993
994,28.0,1096000.0,Superior,Mujer,Bucaramanga,10.2,1,UCP00994
995,25.0,1085000.0,Medio,Mujer,Barranquilla,6.5,1,UCP00995
996,32.0,1761000.0,Básico,Hombre,Bucaramanga,3.9,1,UCP00996
997,53.0,1709000.0,Básico,Hombre,Bogotá,1.0,0,UCP00997
998,41.0,2201000.0,Básico,Hombre,Medellín,4.2,1,UCP00998
999,29.0,1825000.0,Medio,Mujer,Barranquilla,1.3,0,UCP00999
1000,41.0,748000.0,Medio,Mujer,Barranquilla,1.0,0,UCP01000
1001,49.0,2026000.0,Básico,Hombre,Medellín,3.4,0,UCP01001
1002,44.0,1001000.0,Superior,Hombre,Barranquilla,0.2,0,UCP01002
1003,36.0,1308000.0,Superior,Mujer,Barranquilla,0.1,0,UCP01003
1004,29.0,1625000.0,Medio,Hombre,Bucaramanga,1.5,0,UCP01004
1005,42.0,2498000.0,Superior,Mujer,Bucaramanga,1.5,0,UCP01005
1006,39.0,3055000.0,Básico,Mujer,Medellín,5.6,1,UCP01006
1007,44.0,1803000.0,Medio,Mujer,Bogotá,0.3,0,UCP01007
1008,41.0,1408000.0,Medio,Mujer,Barranquilla,0.3,0,UCP01008
1009,45.0,1767000.0,Superior,Mujer,Bogotá,0.4,0,UCP01009
1010,30.0,1944000.0,Superior,Mujer,Medellín,0.1,0,UCP01010
1011,48.0,1340000.0,Básico,Hombre,Medellín,0.2,0,UCP01011
1012,37.0,2398000.0,Superior,Mujer,Bucaramanga,2.7,0,UCP01012
1013,56.0,1615000.0,Básico,Mujer,Barranquilla,1.4,0,UCP01013
1014,28.0,1749000.0,Superior,Hombre,Cali,3.6,1,UCP01014
1015,52.0,1833000.0,Superior,Mujer,Medellín,12.0,1,UCP01015
1016,37.0,1711000.0,Básico,Hombre,Barranquilla,2.7,0,UCP01016
1017,28.0,1919000.0,Superior,Mujer,Bogotá,0.1,0,UCP01017
1018,30.0,1191000.0,Básico,Hombre,Bucaramanga,0.3,0,UCP01018
1019,32.0,1221000.0,Medio,Hombre,Bogotá,5.3,1,UCP01019
1020,39.0,950000.0,Medio,Mujer,Medellín,1.9,0,UCP01020
1021,40.0,1720000.0,Medio,Mujer,Medellín,4.4,1,UCP01021
1022,29.0,1889000.0,Superior,Mujer,Bogotá,4.9,1,UCP01022
1023,35.0,1729000.0,Medio,Mujer,Medellín,6.6,1,UCP01023
1024,56.0,2337000.0,Medio,Hombre,Barranquilla,7.5,1,UCP01024
1025,52.0,1497000.0,Superior,Hombre,Medellín,2.0,0,UCP01025
1026,39.0,1834000.0,Superior,Hombre,Bucaramanga,1.0,0,UCP01026
1027,35.0,954000.0,Básico,Mujer,Barranquilla,8.2,1,UCP01027
1028,36.0,1306000.0,Superior,Hombre,Cali,2.0,0,UCP01028
1029,41.0,1848000.0,Básico,Mujer,Medellín,0.2,0,UCP01029
1030,25.0,1925000.0,Superior,Mujer,Medellín,2.6,0,UCP01030
1031,32.0,1353000.0,Básico,Hombre,Bucaramanga,2.2,0,UCP01031
1032,18.0,1464000.0,Básico,Mujer,Bucaramanga,5.7,1,UCP01032
1033,39.0,741000.0,Medio,Hombre,Bogotá,2.6,0,UCP01033
1034,41.0,1321000.0,Medio,Mujer,Bogotá,1.1,0,UCP01034
1035,30.0,1945000.0,Medio,Hombre,Bogotá,8.5,1,UCP01035
1036,51.0,1788000.0,Básico,Mujer,Bucaramanga,4.0,1,UCP01036
1037,23.0,1750000.0,Medio,Hombre,Bogotá,2.5,0,UCP01037
1038,20.0,1525000.0,Superior,Hombre,Bogotá,0.9,0,UCP01038
1039,37.0,1504000.0,Medio,Mujer,Cali,1.2,0,UCP01039
1040,45.0,1170000.0,Básico,Mujer,Bogotá,2.8,0,UCP01040
1041,52.0,1849000.0,Medio,Hombre,Medellín,0.2,0,UCP01041
1042,30.0,1710000.0,Básico,Mujer,Bucaramanga,0.7,0,UCP01042
1043,46.0,1746000.0,Superior,Mujer,Barranquilla,3.1,0,UCP01043
1044,35.0,1237000.0,Superior,Mujer,Cali,1.6,0,UCP01044
1045,33.0,423000.0,Medio,Hombre,Bucaramanga,1.3,0,UCP01045
1046,44.0,2049000.0,Medio,Hombre,Bucaramanga,0.4,0,UCP01046
1047,42.0,1261000.0,Superior,Mujer,Medellín,1.5,0,UCP01047
1048,19.0,1069000.0,Medio,Mujer,Bogotá,3.7,1,UCP01048
1049,50.0,1847000.0,Superior,Hombre,Medellín,0.8,0,UCP01049
1050,49.0,1304000.0,Medio,Mujer,Bogotá,0.0,0,UCP01050
1051,29.0,2030000.0,Superior,Hombre,Bogotá,2.8,0,UCP01051
1052,39.0,1809000.0,Medio,Mujer,Bucaramanga,9.0,1,UCP01052
1053,40.0,1842000.0,Medio,Mujer,Bogotá,2.3,0,UCP01053
1054,38.0,817000.0,Superior,Mujer,Cali,0.3,0,UCP01054
1055,29.0,2106000.0,Medio,Hombre,Cali,1.0,0,UCP01055
1056,28.0,1631000.0,Medio,Hombre,Cali,5.1,1,UCP01056
1057,35.0,1315000.0,Básico,Hombre,Bucaramanga,0.7,0,UCP01057
1058,47.0,1572000.0,Medio,Hombre,Medellín,2.3,0,UCP01058
1059,40.0,612000.0,Medio,Mujer,Barranquilla,1.3,0,UCP01059
1060,31.0,1704000.0,Básico,Mujer,Bogotá,0.6,0,UCP01060
1061,43.0,985000.0,Básico,Hombre,Barranquilla,4.2,1,UCP01061
1062,18.0,824000.0,Medio,Mujer,Medellín,3.4,0,UCP01062
1063,46.0,739000.0,Superior,Mujer,Medellín,2.7,0,UCP01063
1064,18.0,2056000.0,Medio,Hombre,Bucaramanga,0.7,0,UCP01064
1065,31.0,1185000.0,Básico,Mujer,Cali,0.3,0,UCP01065
1066,24.0,2267000.0,Medio,Mujer,Cali,2.1,0,UCP01066
1067,22.0,1232000.0,Básico,Hombre,Medellín,2.0,0,UCP01067
1068,47.0,646000.0,Medio,Mujer,Bucaramanga,0.5,0,UCP01068
1069,30.0,942000.0,Básico,Mujer,Bucaramanga,0.1,0,UCP01069
1070,38.0,2118000.0,Básico,Mujer,Bogotá,0.2,0,UCP01070
1071,35.0,1422000.0,Básico,Hombre,Cali,12.0,1,UCP01071
1072,40.0,1226000.0,Medio,Hombre,Medellín,3.8,1,UCP01072
1073,36.0,1580000.0,Básico,Mujer,Barranquilla,6.4,1,UCP01073
1074,22.0,1751000.0,Medio,Mujer,Cali,0.5,0,UCP01074
1075,45.0,2059000.0,Medio,Mujer,Bogotá,8.1,1,UCP01075
1076,30.0,2224000.0,Medio,Hombre,Bucaramanga,0.4,0,UCP01076
1077,19.0,1320000.0,Medio,Hombre,Medellín,1.8,0,UCP01077
1078,31.0,837000.0,Superior,Hombre,Cali,4.4,1,UCP01078
1079,50.0,1293000.0,Básico,Mujer,Barranquilla,1.1,0,UCP01079
1080,44.0,1630000.0,Medio,Mujer,Bogotá,1.4,0,UCP01080
1081,32.0,1018000.0,Básico,Mujer,Bogotá,0.3,0,UCP01081
1082,32.0,1021000.0,Básico,Mujer,Cali,0.3,0,UCP01082
1083,32.0,1672000.0,Medio,Mujer,Barranquilla,2.4,0,UCP01083
1084,56.0,1476000.0,Medio,Hombre,Bogotá,2.8,0,UCP01084
1085,39.0,1516000.0,Superior,Mujer,Medellín,3.8,1,UCP01085
1086,39.0,1121000.0,Medio,Mujer,Bogotá,2.0,0,UCP01086
1087,45.0,1385000.0,Superior,Mujer,Barranquilla,2.6,0,UCP01087
1088,37.0,1038000.0,Básico,Hombre,Bucaramanga,0.0,0,UCP01088
1089,32.0,1945000.0,Básico,Mujer,Bucaramanga,0.4,0,UCP01089
1090,33.0,2018000.0,Básico,Hombre,Cali,10.5,1,UCP01090
1091,34.0,577000.0,Básico,Hombre,Barranquilla,0.2,0,UCP01091
1092,35.0,1035000.0,Medio,Hombre,Bogotá,2.8,0,UCP01092
1093,42.0,752000.0,Medio,Hombre,Bogotá,0.5,0,UCP01093
1094,36.0,1175000.0,Básico,Hombre,Bucaramanga,3.2,0,UCP01094
1095,42.0,1458000.0,Superior,Mujer,Bucaramanga,3.1,0,UCP01095
1096,34.0,775000.0,Superior,Mujer,Medellín,0.7,0,UCP01096
1097,36.0,1039000.0,Básico,Hombre,Bucaramanga,0.8,0,UCP01097
1098,18.0,998000.0,Básico,Hombre,Medellín,2.7,0,UCP01098
1099,44.0,1604000.0,Básico,Hombre,Bogotá,1.2,0,UCP01099
1100,38.0,1535000.0,Básico,Mujer,Medellín,0.5,0,UCP01100
1101,45.0,1139000.0,Básico,Mujer,Medellín,3.3,0,UCP01101
1102,18.0,1588000.0,Medio,Hombre,Cali,0.4,0,UCP01102
1103,56.0,1227000.0,Básico,Mujer,Bucaramanga,4.8,1,UCP01103
1104,34.0,1364000.0,Medio,Mujer,Medellín,1.8,0,UCP01104
1105,46.0,2337000.0,Superior,Hombre,Bogotá,0.3,0,UCP01105
1106,25.0,2170000.0,Medio,Hombre,Barranquilla,3.0,0,UCP01106
1107,41.0,850000.0,Superior,Mujer,Medellín,1.8,0,UCP01107
1108,24.0,1915000.0,Básico,Mujer,Bucaramanga,0.9,0,UCP01108
1109,29.0,1906000.0,Medio,Mujer,Cali,1.4,0,UCP01109
1110,54.0,926000.0,Medio,Hombre,Bogotá,0.9,0,UCP01110
1111,33.0,1909000.0,Básico,Hombre,Cali,0.8,0,UCP01111
1112,37.0,2269000.0,Básico,Hombre,Barranquilla,0.4,0,UCP01112
1113,44.0,939000.0,Medio,Mujer,Medellín,1.1,0,UCP01113
1114,40.0,1041000.0,Medio,Mujer,Medellín,0.7,0,UCP01114
1115,37.0,2009000.0,Medio,Hombre,Bucaramanga,2.9,0,UCP01115
1116,39.0,1636000.0,Medio,Mujer,Medellín,2.9,0,UCP01116
1117,59.0,1776000.0,Medio,Hombre,Bogotá,1.7,0,UCP01117
1118,34.0,1670000.0,Básico,Mujer,Barranquilla,3.8,1,UCP01118
1119,37.0,1695000.0,Medio,Hombre,Cali,4.6,1,UCP01119
1120,46.0,837000.0,Básico,Mujer,Barranquilla,2.2,0,UCP01120
1121,46.0,2024000.0,Básico,Mujer,Medellín,2.4,0,UCP01121
1122,47.0,2085000.0,Superior,Hombre,Cali,0.8,0,UCP01122
1123,41.0,1385000.0,Medio,Hombre,Bucaramanga,5.6,1,UCP01123
1124,24.0,1478000.0,Superior,Hombre,Barranquilla,0.1,0,UCP01124
1125,51.0,734000.0,Medio,Hombre,Cali,1.1,0,UCP01125
1126,24.0,1757000.0,Medio,Hombre,Cali,3.2,0,UCP01126
1127,38.0,1786000.0,Básico,Mujer,Cali,0.2,0,UCP01127
1128,27.0,1469000.0,Básico,Hombre,Bogotá,0.5,0,UCP01128
1129,34.0,2062000.0,Básico,Hombre,Barranquilla,2.2,0,UCP01129
1130,38.0,1333000.0,Superior,Hombre,Cali,2.1,0,UCP01130
1131,38.0,1782000.0,Medio,Hombre,Barranquilla,3.4,0,UCP01131
1132,39.0,990000.0,Medio,Hombre,Cali,4.2,1,UCP01132
1133,51.0,1488000.0,Medio,Mujer,Bucaramanga,0.3,0,UCP01133
1134,40.0,1413000.0,Superior,Hombre,Bucaramanga,0.0,0,UCP01134
1135,33.0,1613000.0,Básico,Hombre,Bucaramanga,2.9,0,UCP01135
1136,45.0,1315000.0,Básico,Hombre,Medellín,0.9,0,UCP01136
1137,47.0,1434000.0,Medio,Mujer,Cali,2.5,0,UCP01137
1138,23.0,1913000.0,Superior,Mujer,Medellín,0.4,0,UCP01138
1139,41.0,1282000.0,Superior,Hombre,Barranquilla,1.6,0,UCP01139
1140,42.0,697000.0,Básico,Hombre,Medellín,1.8,0,UCP01140
1141,32.0,2375000.0,Superior,Mujer,Barranquilla,2.2,0,UCP01141
1142,49.0,2191000.0,Superior,Mujer,Barranquilla,1.8,0,UCP01142
1143,33.0,854000.0,Básico,Mujer,Barranquilla,1.7,0,UCP01143
1144,36.0,1845000.0,Medio,Hombre,Medellín,1.0,0,UCP01144
1145,33.0,1249000.0,Medio,Hombre,Cali,0.2,0,UCP01145
1146,35.0,1632000.0,Superior,Mujer,Medellín,0.2,0,UCP01146
1147,24.0,1647000.0,Básico,Hombre,Cali,1.4,0,UCP01147
1148,21.0,1383000.0,Superior,Mujer,Cali,1.1,0,UCP01148
1149,51.0,1108000.0,Medio,Mujer,Barranquilla,1.8,0,UCP01149
1150,27.0,1155000.0,Superior,Mujer,Medellín,0.9,0,UCP01150
1151,25.0,1042000.0,Medio,Hombre,Cali,2.9,0,UCP01151
1152,18.0,1084000.0,Medio,Mujer,Bucaramanga,5.0,1,UCP01152
1153,29.0,1466000.0,Superior,Mujer,Cali,0.9,0,UCP01153
1154,22.0,1142000.0,Superior,Hombre,Bucaramanga,0.5,0,UCP01154
1155,51.0,1841000.0,Superior,Mujer,Medellín,0.3,0,UCP01155
1156,45.0,2244000.0,Básico,Hombre,Medellín,2.4,0,UCP01156
1157,28.0,1210000.0,Medio,Mujer,Medellín,1.5,0,UCP01157
1158,58.0,1620000.0,Básico,Hombre,Cali,0.5,0,UCP01158
1159,45.0,1750000.0,Medio,Mujer,Bogotá,2.6,0,UCP01159
1160,32.0,1736000.0,Medio,Mujer,Cali,0.4,0,UCP01160
1161,18.0,1538000.0,Medio,Mujer,Cali,2.0,0,UCP01161
1162,58.0,1871000.0,Medio,Mujer,Barranquilla,1.9,0,UCP01162
1163,21.0,1741000.0,Superior,Mujer,Barranquilla,3.3,0,UCP01163
1164,19.0,881000.0,Básico,Hombre,Cali,0.1,0,UCP01164
1165,45.0,1935000.0,Medio,Hombre,Bucaramanga,5.5,1,UCP01165
1166,59.0,1944000.0,Medio,Mujer,Barranquilla,3.0,0,UCP01166
1167,49.0,1118000.0,Básico,Mujer,Cali,0.6,0,UCP01167
1168,41.0,1519000.0,Básico,Mujer,Bogotá,0.5,0,UCP01168
1169,41.0,1842000.0,Superior,Hombre,Bucaramanga,1.4,0,UCP01169
1170,44.0,1395000.0,Superior,Hombre,Medellín,4.3,1,UCP01170
1171,43.0,2036000.0,Superior,Mujer,Cali,4.6,1,UCP01171
1172,38.0,2682000.0,Superior,Hombre,Cali,1.8,0,UCP01172
1173,36.0,1107000.0,Básico,Mujer,Bucaramanga,4.9,1,UCP01173
1174,34.0,809000.0,Medio,Mujer,Barranquilla,0.0,0,UCP01174
1175,27.0,1652000.0,Medio,Mujer,Barranquilla,0.1,0,UCP01175
1176,32.0,1861000.0,Medio,Hombre,Barranquilla,6.1,1,UCP01176
1177,18.0,1385000.0,Medio,Mujer,Medellín,3.7,1,UCP01177
1178,34.0,2227000.0,Medio,Mujer,Bucaramanga,1.5,0,UCP01178
1179,25.0,831000.0,Medio,Mujer,Bucaramanga,3.5,0,UCP01179
1180,24.0,1846000.0,Medio,Hombre,Barranquilla,7.8,1,UCP01180
1181,37.0,1197000.0,Básico,Hombre,Barranquilla,3.7,1,UCP01181
1182,49.0,2360000.0,Medio,Hombre,Bogotá,4.6,1,UCP01182
1183,44.0,2496000.0,Medio,Mujer,Bogotá,3.6,1,UCP01183
1184,19.0,1117000.0,Medio,Hombre,Cali,0.5,0,UCP01184
1185,25.0,1225000.0,Básico,Mujer,Cali,4.5,1,UCP01185
1186,44.0,1930000.0,Superior,Hombre,Bucaramanga,0.5,0,UCP01186
1187,25.0,1306000.0,Básico,Mujer,Bucaramanga,5.6,1,UCP01187
1188,33.0,1477000.0,Medio,Hombre,Medellín,1.5,0,UCP01188
1189,41.0,1513000.0,Superior,Mujer,Medellín,2.8,0,UCP01189
1190,25.0,540000.0,Medio,Hombre,Bogotá,1.7,0,UCP01190
1191,36.0,1493000.0,Básico,Hombre,Cali,0.2,0,UCP01191
1192,22.0,1155000.0,Medio,Hombre,Bogotá,0.9,0,UCP01192
1193,29.0,1253000.0,Medio,Mujer,Bogotá,10.3,1,UCP01193
1194,38.0,2222000.0,Superior,Hombre,Cali,8.1,1,UCP01194
1195,19.0,872000.0,Superior,Hombre,Medellín,1.0,0,UCP01195
1196,39.0,1907000.0,Medio,Hombre,Cali,12.0,1,UCP01196
1197,35.0,1361000.0,Medio,Hombre,Barranquilla,4.7,1,UCP01197
1198,41.0,1360000.0,Básico,Mujer,Barranquilla,2.4,0,UCP01198
1199,37.0,1895000.0,Básico,Hombre,Barranquilla,0.1,0,UCP01199
1200,49.0,1670000.0,Medio,Mujer,Bucaramanga,5.8,1,UCP01200
1201,36.0,1785000.0,Medio,Mujer,Medellín,2.0,0,UCP01201
1202,31.0,1984000.0,Medio,Mujer,Medellín,5.1,1,UCP01202
1203,36.0,1334000.0,Básico,Mujer,Bucaramanga,4.5,1,UCP01203
1204,40.0,1194000.0,Básico,Hombre,Bogotá,4.5,1,UCP01204
1205,35.0,957000.0,Medio,Mujer,Barranquilla,3.0,0,UCP01205
1206,35.0,1087000.0,Básico,Mujer,Barranquilla,0.9,0,UCP01206
1207,28.0,2975000.0,Superior,Mujer,Bogotá,1.0,0,UCP01207
1208,28.0,2122000.0,Básico,Mujer,Cali,0.9,0,UCP01208
1209,21.0,824000.0,Medio,Hombre,Cali,0.1,0,UCP01209
1210,52.0,839000.0,Superior,Hombre,Medellín,2.2,0,UCP01210
1211,23.0,1741000.0,Básico,Mujer,Bucaramanga,3.0,0,UCP01211
1212,28.0,1774000.0,Medio,Mujer,Medellín,4.8,1,UCP01212
1213,28.0,1774000.0,Básico,Mujer,Cali,0.4,0,UCP01213
1214,44.0,1373000.0,Medio,Hombre,Bogotá,2.0,0,UCP01214
1215,32.0,1437000.0,Medio,Hombre,Medellín,0.0,0,UCP01215
1216,47.0,1664000.0,Medio,Hombre,Barranquilla,0.2,0,UCP01216
1217,28.0,1543000.0,Medio,Hombre,Barranquilla,0.1,0,UCP01217
1218,38.0,390000.0,Superior,Hombre,Bogotá,3.2,0,UCP01218
1219,27.0,1385000.0,Básico,Mujer,Cali,0.2,0,UCP01219
1220,56.0,1074000.0,Básico,Hombre,Barranquilla,3.2,0,UCP01220
1221,23.0,1588000.0,Superior,Hombre,Barranquilla,0.7,0,UCP01221
1222,38.0,2993000.0,Medio,Mujer,Bucaramanga,5.3,1,UCP01222
1223,41.0,1684000.0,Superior,Hombre,Medellín,4.2,1,UCP01223
1224,39.0,1343000.0,Medio,Hombre,Cali,7.9,1,UCP01224
1225,33.0,1961000.0,Superior,Hombre,Medellín,5.4,1,UCP01225
1226,34.0,1741000.0,Medio,Mujer,Cali,6.8,1,UCP01226
1227,35.0,1710000.0,Superior,Hombre,Barranquilla,4.9,1,UCP01227
1228,34.0,1803000.0,Superior,Mujer,Bucaramanga,3.0,0,UCP01228
1229,45.0,2528000.0,Medio,Mujer,Medellín,0.5,0,UCP01229
1230,57.0,935000.0,Básico,Hombre,Barranquilla,0.8,0,UCP01230
1231,29.0,1737000.0,Básico,Hombre,Cali,0.6,0,UCP01231
1232,21.0,1037000.0,Básico,Hombre,Medellín,2.3,0,UCP01232
1233,34.0,1778000.0,Básico,Hombre,Medellín,1.8,0,UCP01233
1234,61.0,1041000.0,Medio,Mujer,Barranquilla,5.0,1,UCP01234
1235,27.0,1291000.0,Medio,Hombre,Medellín,7.6,1,UCP01235
1236,51.0,1352000.0,Medio,Mujer,Bucaramanga,1.3,0,UCP01236
1237,52.0,1988000.0,Medio,Mujer,Bucaramanga,1.8,0,UCP01237
1238,29.0,1959000.0,Medio,Mujer,Barranquilla,8.9,1,UCP01238
1239,41.0,877000.0,Básico,Mujer,Cali,0.8,0,UCP01239
1240,51.0,1527000.0,Básico,Mujer,Barranquilla,3.9,1,UCP01240
1241,31.0,1145000.0,Básico,Hombre,Bucaramanga,0.6,0,UCP01241
1242,33.0,871000.0,Medio,Mujer,Bogotá,2.9,0,UCP01242
1243,29.0,1391000.0,Básico,Mujer,Bogotá,0.7,0,UCP01243
1244,25.0,1346000.0,Básico,Hombre,Medellín,5.4,1,UCP01244
1245,29.0,2713000.0,Medio,Hombre,Medellín,2.1,0,UCP01245
1246,23.0,1716000.0,Superior,Mujer,Bogotá,0.5,0,UCP01246
1247,35.0,811000.0,Básico,Mujer,Bucaramanga,0.6,0,UCP01247
1248,27.0,1218000.0,Medio,Hombre,Medellín,1.7,0,UCP01248
1249,37.0,2011000.0,Medio,Mujer,Barranquilla,8.1,1,UCP01249
1250,19.0,2544000.0,Superior,Hombre,Barranquilla,3.7,1,UCP01250
1251,38.0,707000.0,Superior,Hombre,Bucaramanga,1.7,0,UCP01251
1252,43.0,560000.0,Básico,Mujer,Medellín,1.0,0,UCP01252
1253,18.0,2435000.0,Básico,Hombre,Barranquilla,2.0,0,UCP01253
1254,39.0,1695000.0,Superior,Mujer,Medellín,3.4,0,UCP01254
1255,47.0,1066000.0,Medio,Mujer,Medellín,3.8,1,UCP01255
1256,23.0,1767000.0,Medio,Mujer,Barranquilla,1.0,0,UCP01256
1257,52.0,300000.0,Medio,Hombre,Bogotá,3.2,0,UCP01257
1258,39.0,1502000.0,Medio,Mujer,Barranquilla,2.7,0,UCP01258
1259,28.0,1664000.0,Superior,Hombre,Bucaramanga,8.0,1,UCP01259
1260,34.0,1962000.0,Superior,Mujer,Cali,6.7,1,UCP01260
1261,41.0,993000.0,Superior,Mujer,Barranquilla,3.9,1,UCP01261
1262,36.0,1543000.0,Básico,Hombre,Medellín,3.2,0,UCP01262
1263,40.0,1037000.0,Superior,Mujer,Medellín,0.8,0,UCP01263
1264,26.0,1628000.0,Básico,Mujer,Barranquilla,4.7,1,UCP01264
1265,37.0,1052000.0,Básico,Hombre,Cali,1.4,0,UCP01265
1266,21.0,1296000.0,Superior,Hombre,Barranquilla,0.8,0,UCP01266
1267,34.0,1002000.0,Básico,Hombre,Cali,1.2,0,UCP01267
1268,26.0,1826000.0,Básico,Mujer,Cali,4.5,1,UCP01268
1269,28.0,1929000.0,Básico,Hombre,Bucaramanga,0.4,0,UCP01269
1270,47.0,1383000.0,Superior,Hombre,Medellín,1.5,0,UCP01270
1271,46.0,1519000.0,Medio,Mujer,Medellín,1.7,0,UCP01271
1272,41.0,776000.0,Medio,Hombre,Cali,0.1,0,UCP01272
1273,24.0,1350000.0,Básico,Mujer,Medellín,0.5,0,UCP01273
1274,32.0,1475000.0,Superior,Mujer,Bogotá,4.4,1,UCP01274
1275,47.0,2810000.0,Superior,Hombre,Cali,4.4,1,UCP01275
1276,36.0,944000.0,Medio,Mujer,Medellín,0.9,0,UCP01276
1277,58.0,2232000.0,Medio,Hombre,Bogotá,5.2,1,UCP01277
1278,39.0,1998000.0,Básico,Hombre,Bucaramanga,3.7,1,UCP01278
1279,37.0,1640000.0,Superior,Hombre,Medellín,1.4,0,UCP01279
1280,32.0,2379000.0,Medio,Hombre,Bogotá,3.4,0,UCP01280
1281,36.0,1686000.0,Superior,Mujer,Barranquilla,8.1,1,UCP01281
1282,33.0,1695000.0,Medio,Mujer,Barranquilla,1.5,0,UCP01282
1283,42.0,1473000.0,Superior,Hombre,Bogotá,0.7,0,UCP01283
1284,45.0,2112000.0,Superior,Hombre,Cali,7.1,1,UCP01284
1285,27.0,2048000.0,Medio,Mujer,Cali,2.3,0,UCP01285
1286,22.0,1187000.0,Superior,Hombre,Medellín,0.3,0,UCP01286
1287,18.0,840000.0,Medio,Mujer,Barranquilla,2.1,0,UCP01287
1288,40.0,1399000.0,Básico,Hombre,Cali,1.7,0,UCP01288
1289,24.0,1100000.0,Medio,Mujer,Cali,4.8,1,UCP01289
1290,18.0,1468000.0,Superior,Mujer,Barranquilla,1.9,0,UCP01290
1291,39.0,2119000.0,Medio,Mujer,Bucaramanga,0.7,0,UCP01291
1292,60.0,1271000.0,Básico,Hombre,Cali,2.8,0,UCP01292
1293,35.0,1479000.0,Medio,Hombre,Bogotá,2.0,0,UCP01293
1294,43.0,1529000.0,Medio,Hombre,Medellín,0.7,0,UCP01294
1295,36.0,1924000.0,Medio,Hombre,Cali,2.1,0,UCP01295
1296,34.0,377000.0,Medio,Hombre,Cali,4.3,1,UCP01296
1297,44.0,1197000.0,Superior,Mujer,Bucaramanga,0.1,0,UCP01297
1298,32.0,1606000.0,Básico,Mujer,Bogotá,2.5,0,UCP01298
1299,38.0,2100000.0,Medio,Mujer,Medellín,1.1,0,UCP01299
1300,38.0,1254000.0,Básico,Mujer,Cali,0.9,0,UCP01300
