ID,Edad,Género,Ingreso_Mensual,Nivel_Educativo,Ciudad,Satisfacción
1,56,Otro,2798.45,Técnico,Medellín,2
2,69,Masculino,4101.56,Posgrado,Medellín,1
3,46,Otro,1937.55,Tecnólogo,Cali,3
4,32,Masculino,2847.17,Técnico,Medellín,2
5,60,Masculino,2962.49,Tecnólogo,Cali,3
6,25,Masculino,2082.08,Tecnólogo,Cartagena,2
7,38,Femenino,2152.71,Técnico,Barranquilla,5
8,56,Masculino,2064.98,Secundaria,Bogotá,5
9,36,Masculino,2569.85,Técnico,Barranquilla,1
10,40,Femenino,2937.35,Técnico,Cali,1
11,28,Masculino,2598.58,Posgrado,Cali,3
12,28,Otro,3067.57,Técnico,Barranquilla,2
13,41,Otro,924.68,Secundaria,Bucaramanga,4
14,53,Masculino,2325.4,Posgrado,Cali,1
15,57,Femenino,1681.26,Primaria,Medellín,4
16,41,Otro,2741.38,Primaria,Medellín,4
17,20,Femenino,2729.53,Tecnólogo,Cali,2
18,39,Femenino,2407.5,Tecnólogo,Cali,3
19,19,Otro,2908.22,Secundaria,Bucaramanga,2
20,41,Femenino,3298.25,Universitario,Medellín,1
21,61,Otro,2451.58,Primaria,Cali,4
22,47,Femenino,1658.64,Tecnólogo,Cali,2
23,55,Otro,1234.99,Primaria,Bucaramanga,2
24,19,Masculino,2528.89,Secundaria,Bucaramanga,2
25,38,Otro,2693.49,Secundaria,Barranquilla,1
26,50,Otro,1724.38,Universitario,Bucaramanga,3
27,29,Otro,3080.61,Universitario,Bogotá,2
28,39,Otro,2132.83,Posgrado,Medellín,1
29,61,Femenino,1174.85,Secundaria,Barranquilla,4
30,42,Masculino,3505.15,Tecnólogo,Bogotá,5
31,66,Otro,3415.19,Primaria,Cali,1
32,44,Femenino,887.52,Técnico,Cali,5
33,59,Masculino,2049.92,Universitario,Barranquilla,2
34,45,Masculino,2018.73,Técnico,Bucaramanga,2
35,33,Masculino,3811.59,Tecnólogo,Cali,1
36,32,Masculino,2420.57,Universitario,Cartagena,5
37,64,Otro,1303.3,Técnico,Barranquilla,2
38,68,Otro,3205.68,Tecnólogo,Bogotá,4
39,61,Femenino,1515.38,Primaria,Barranquilla,3
40,69,Femenino,2291.73,Tecnólogo,Medellín,3
41,20,Femenino,1884.18,Posgrado,Bucaramanga,2
42,54,Masculino,2051.64,Universitario,Bucaramanga,5
43,68,Masculino,3249.81,Secundaria,Barranquilla,2
44,24,Otro,3717.06,Primaria,Cali,5
45,38,Masculino,1480.51,Técnico,Cali,4
46,26,Masculino,3000.86,Universitario,Cartagena,5
47,56,Masculino,1913.8,Secundaria,Cartagena,2
48,35,Femenino,1938.66,Tecnólogo,Bucaramanga,4
49,21,Femenino,2892.51,Secundaria,Cartagena,1
50,42,Otro,1677.68,Universitario,Bogotá,3
51,31,Masculino,2876.48,Universitario,Cartagena,2
52,67,Masculino,3084.09,Posgrado,Bogotá,2
53,26,Otro,2153.97,Posgrado,Cartagena,2
54,43,Masculino,3561.66,Secundaria,Bucaramanga,4
55,19,Masculino,1481.74,Tecnólogo,Bucaramanga,1
56,37,Femenino,3576.32,Secundaria,Bogotá,5
57,45,Otro,944.81,Universitario,Barranquilla,1
58,64,Otro,4659.77,Universitario,Bucaramanga,4
59,24,Otro,2175.04,Técnico,Barranquilla,2
60,61,Otro,1570.15,Posgrado,Cali,3
61,25,Femenino,2313.86,Técnico,Bogotá,2
62,64,Femenino,1662.82,Primaria,Bucaramanga,5
63,52,Masculino,2809.57,Universitario,Medellín,3
64,31,Masculino,3594.13,Técnico,Cali,2
65,34,Masculino,1705.24,Secundaria,Barranquilla,3
66,53,Masculino,2963.52,Posgrado,Bucaramanga,1
67,67,Femenino,1273.81,Posgrado,Bogotá,4
68,57,Otro,3326.36,Tecnólogo,Cartagena,2
69,21,Femenino,2832.99,Secundaria,Medellín,5
70,19,Masculino,3360.95,Tecnólogo,Barranquilla,1
71,23,Femenino,2402.12,Técnico,Cali,2
72,59,Otro,2151.87,Primaria,Bogotá,1
73,21,Otro,3152.89,Secundaria,Medellín,5
74,46,Femenino,1453.56,Secundaria,Bogotá,2
75,35,Femenino,1105.74,Secundaria,Bucaramanga,5
76,43,Femenino,2496.03,Tecnólogo,Cartagena,3
77,61,Masculino,2188.32,Técnico,Cali,5
78,51,Femenino,2943.07,Secundaria,Bogotá,3
79,27,Femenino,3373.24,Secundaria,Barranquilla,2
80,53,Femenino,2926.41,Posgrado,Bucaramanga,3
81,31,Otro,3309.52,Primaria,Bucaramanga,2
82,48,Otro,2756.84,Posgrado,Cali,2
83,65,Masculino,2895.68,Posgrado,Bucaramanga,4
84,32,Masculino,2406.67,Primaria,Barranquilla,2
85,25,Otro,2872.04,Técnico,Bogotá,3
86,31,Otro,2633.32,Posgrado,Cali,4
87,40,Otro,2760.14,Técnico,Bucaramanga,4
88,57,Femenino,2366.62,Posgrado,Bucaramanga,2
89,38,Femenino,3147.14,Universitario,Barranquilla,5
90,33,Otro,1931.64,Primaria,Cartagena,5
91,62,Femenino,2485.32,Posgrado,Cartagena,4
92,35,Femenino,3549.43,Universitario,Bucaramanga,2
93,64,Masculino,1741.02,Tecnólogo,Bogotá,5
94,41,Otro,770.52,Universitario,Cali,2
95,43,Otro,2793.17,Secundaria,Bucaramanga,2
96,42,Femenino,2294.44,Posgrado,Medellín,4
97,62,Otro,3308.69,Universitario,Cali,4
98,58,Masculino,2395.59,Técnico,Cartagena,1
99,46,Masculino,2016.53,Tecnólogo,Bucaramanga,5
100,32,Masculino,2439.35,Posgrado,Barranquilla,5
101,62,Otro,3374.45,Secundaria,Medellín,5
102,18,Otro,2960.3,Universitario,Bucaramanga,3
103,42,Otro,552.88,Tecnólogo,Bogotá,2
104,24,Otro,2648.61,Posgrado,Medellín,4
105,26,Otro,2688.61,Tecnólogo,Bucaramanga,5
106,41,Masculino,2485.4,Secundaria,Bogotá,1
107,18,Femenino,2011.29,Universitario,Medellín,5
108,61,Masculino,3455.63,Tecnólogo,Bogotá,2
109,25,Otro,3495.23,Tecnólogo,Bogotá,2
110,41,Masculino,737.47,Primaria,Medellín,4
111,28,Otro,1861.63,Tecnólogo,Medellín,3
112,68,Otro,2384.22,Primaria,Bogotá,4
113,34,Masculino,3258.81,Universitario,Cartagena,5
114,25,Otro,2527.88,Posgrado,Medellín,1
115,52,Femenino,1953.12,Posgrado,Bucaramanga,4
116,52,Otro,3067.63,Universitario,Cali,3
117,50,Femenino,2330.93,Universitario,Barranquilla,4
118,22,Femenino,2406.08,Técnico,Bogotá,2
119,59,Otro,2478.27,Universitario,Bogotá,5
120,56,Masculino,2959.45,Tecnólogo,Barranquilla,5
121,58,Femenino,2253.16,Posgrado,Cartagena,5
122,45,Masculino,3049.56,Secundaria,Barranquilla,5
123,24,Femenino,2441.54,Posgrado,Medellín,5
124,26,Otro,1646.39,Primaria,Barranquilla,5
125,25,Otro,2470.58,Posgrado,Bogotá,1
126,29,Femenino,1687.83,Técnico,Barranquilla,3
127,51,Otro,2532.79,Universitario,Cali,5
128,50,Femenino,3163.58,Universitario,Bucaramanga,3
129,65,Otro,1641.1,Posgrado,Medellín,5
130,40,Masculino,2791.42,Secundaria,Barranquilla,4
131,41,Otro,1836.77,Secundaria,Bogotá,5
132,54,Masculino,2661.36,Técnico,Bucaramanga,2
133,52,Otro,3188.16,Primaria,Medellín,1
134,61,Masculino,796.39,Posgrado,Bogotá,4
135,57,Otro,1608.42,Universitario,Cartagena,4
136,39,Masculino,2204.82,Posgrado,Cali,2
137,44,Femenino,2752.03,Técnico,Cartagena,5
138,52,Femenino,2366.89,Tecnólogo,Cali,1
139,18,Masculino,2463.3,Tecnólogo,Barranquilla,4
140,52,Otro,4134.39,Técnico,Medellín,1
141,54,Masculino,1530.03,Universitario,Barranquilla,4
142,64,Otro,3408.39,Técnico,Cali,5
143,31,Femenino,2220.02,Universitario,Cali,4
144,20,Otro,2939.58,Secundaria,Cali,4
145,18,Femenino,4203.16,Técnico,Bucaramanga,3
146,22,Otro,3050.94,Universitario,Bogotá,5
147,43,Otro,2798.0,Técnico,Medellín,2
148,31,Otro,3779.3,Técnico,Barranquilla,2
149,56,Masculino,3399.84,Universitario,Barranquilla,5
150,44,Masculino,1860.48,Universitario,Cartagena,2
151,26,Femenino,2735.62,Primaria,Cali,5
152,32,Femenino,1126.0,Técnico,Cali,2
153,32,Masculino,2067.88,Tecnólogo,Cali,3
154,43,Femenino,2751.24,Técnico,Barranquilla,2
155,59,Masculino,2018.32,Técnico,Cartagena,4
156,30,Otro,2718.69,Universitario,Bogotá,5
157,68,Femenino,2489.29,Técnico,Bucaramanga,1
158,49,Femenino,2929.13,Posgrado,Medellín,1
159,56,Masculino,2160.64,Técnico,Bogotá,5
160,66,Femenino,1747.88,Posgrado,Barranquilla,3
161,69,Femenino,3682.5,Tecnólogo,Bucaramanga,2
162,49,Otro,2103.44,Universitario,Bucaramanga,3
163,21,Femenino,3028.01,Técnico,Bucaramanga,1
164,47,Otro,3648.2,Posgrado,Cali,5
165,54,Masculino,2630.14,Posgrado,Medellín,5
166,40,Femenino,1814.95,Posgrado,Barranquilla,3
167,56,Otro,2357.11,Secundaria,Barranquilla,3
168,62,Masculino,3314.03,Primaria,Bucaramanga,2
169,32,Femenino,2665.0,Tecnólogo,Barranquilla,4
170,60,Masculino,1535.89,Técnico,Medellín,4
171,46,Femenino,2977.32,Secundaria,Medellín,2
172,53,Masculino,3115.63,Técnico,Cartagena,4
173,30,Masculino,2215.75,Técnico,Cartagena,1
174,49,Otro,2988.2,Universitario,Bogotá,4
175,24,Masculino,2696.01,Universitario,Medellín,2
176,68,Femenino,2342.06,Universitario,Medellín,4
177,39,Femenino,1465.17,Secundaria,Medellín,5
178,45,Otro,3362.36,Técnico,Cartagena,3
179,19,Femenino,3107.37,Primaria,Bucaramanga,1
180,59,Femenino,2967.11,Tecnólogo,Bucaramanga,5
181,62,Femenino,3735.62,Universitario,Barranquilla,5
182,23,Masculino,3256.15,Universitario,Bucaramanga,2
183,45,Masculino,3049.25,Técnico,Cali,3
184,45,Femenino,729.42,Técnico,Cartagena,3
185,61,Otro,3457.52,Secundaria,Medellín,1
186,61,Masculino,2566.46,Secundaria,Bucaramanga,2
187,37,Otro,2749.99,Universitario,Cartagena,1
188,47,Femenino,2755.47,Técnico,Bucaramanga,4
189,28,Femenino,3119.07,Primaria,Bogotá,5
190,45,Masculino,3397.74,Tecnólogo,Medellín,1
191,42,Femenino,3007.39,Técnico,Bogotá,5
192,56,Masculino,2880.23,Técnico,Medellín,2
193,50,Femenino,2685.21,Posgrado,Cartagena,4
194,18,Femenino,-181.29,Secundaria,Barranquilla,2
195,44,Masculino,2269.93,Tecnólogo,Bucaramanga,4
196,69,Masculino,1746.73,Universitario,Bucaramanga,4
197,30,Masculino,3468.59,Técnico,Cali,5
198,58,Femenino,2995.23,Universitario,Bogotá,2
199,20,Femenino,2133.49,Técnico,Bucaramanga,2
200,56,Otro,2213.83,Universitario,Cartagena,1
201,23,Masculino,2184.81,Tecnólogo,Barranquilla,2
202,25,Femenino,2170.54,Secundaria,Cartagena,1
203,44,Femenino,1344.35,Tecnólogo,Bogotá,3
204,26,Masculino,1170.98,Posgrado,Cali,3
205,54,Otro,2523.24,Primaria,Bucaramanga,3
206,50,Masculino,3360.25,Secundaria,Cartagena,2
207,68,Otro,2069.85,Tecnólogo,Medellín,2
208,59,Femenino,2742.76,Posgrado,Barranquilla,1
209,61,Otro,3087.41,Primaria,Cartagena,4
210,41,Femenino,1705.3,Posgrado,Barranquilla,1
211,32,Masculino,2484.02,Técnico,Bucaramanga,3
212,49,Masculino,1966.78,Técnico,Medellín,1
213,49,Masculino,3784.9,Universitario,Cali,4
214,41,Otro,3749.97,Secundaria,Cali,2
215,58,Femenino,1706.13,Técnico,Medellín,1
216,69,Masculino,2808.71,Posgrado,Barranquilla,3
217,66,Masculino,3354.08,Secundaria,Bucaramanga,3
218,66,Femenino,3178.66,Técnico,Cartagena,2
219,69,Masculino,2565.25,Universitario,Medellín,1
220,29,Femenino,3545.25,Tecnólogo,Bogotá,4
221,56,Femenino,1776.39,Universitario,Barranquilla,2
222,19,Femenino,2257.53,Primaria,Cali,1
223,20,Femenino,1797.89,Técnico,Medellín,5
224,66,Femenino,3125.99,Primaria,Cali,3
225,54,Otro,2033.89,Primaria,Barranquilla,4
226,66,Masculino,2363.0,Posgrado,Cali,4
227,34,Otro,2994.14,Secundaria,Medellín,4
228,66,Masculino,3058.6,Posgrado,Barranquilla,3
229,19,Otro,1774.3,Técnico,Bogotá,1
230,19,Femenino,3345.32,Primaria,Medellín,2
231,45,Masculino,2864.55,Tecnólogo,Cartagena,1
232,40,Masculino,1634.64,Primaria,Bucaramanga,2
233,54,Otro,1437.83,Tecnólogo,Medellín,4
234,49,Otro,2487.34,Posgrado,Barranquilla,1
235,50,Masculino,3180.08,Posgrado,Bucaramanga,4
236,18,Otro,3200.57,Secundaria,Medellín,5
237,36,Otro,2784.93,Primaria,Bogotá,4
238,19,Otro,2538.94,Universitario,Bogotá,4
239,61,Femenino,2909.39,Posgrado,Cartagena,2
240,43,Femenino,1815.74,Posgrado,Cali,5
241,49,Otro,3849.59,Secundaria,Bucaramanga,4
242,23,Otro,3839.15,Tecnólogo,Barranquilla,4
243,49,Femenino,2843.05,Secundaria,Barranquilla,5
244,21,Femenino,2657.84,Primaria,Cali,5
245,28,Masculino,2170.86,Técnico,Bogotá,1
246,34,Masculino,2923.0,Técnico,Bogotá,2
247,55,Femenino,1946.95,Tecnólogo,Medellín,5
248,41,Otro,721.11,Posgrado,Cartagena,5
249,22,Otro,328.71,Tecnólogo,Bucaramanga,3
250,69,Otro,1860.4,Posgrado,Cartagena,5
251,51,Otro,2625.1,Posgrado,Cartagena,2
252,23,Masculino,2765.58,Técnico,Medellín,4
253,39,Femenino,2110.59,Tecnólogo,Cartagena,4
254,28,Otro,2613.47,Secundaria,Cali,4
255,65,Masculino,2280.62,Posgrado,Medellín,4
256,33,Otro,1700.55,Universitario,Cali,3
257,50,Femenino,2457.0,Universitario,Medellín,5
258,26,Masculino,3150.37,Secundaria,Cartagena,4
259,23,Femenino,1736.75,Universitario,Cali,1
260,33,Femenino,1737.12,Primaria,Cali,4
261,46,Masculino,1644.6,Posgrado,Cali,5
262,20,Masculino,950.79,Secundaria,Medellín,4
263,37,Masculino,2115.84,Tecnólogo,Barranquilla,3
264,53,Masculino,3071.27,Posgrado,Cartagena,2
265,36,Masculino,2639.13,Secundaria,Cali,2
266,43,Masculino,2364.6,Técnico,Bucaramanga,5
267,20,Masculino,2603.25,Tecnólogo,Barranquilla,2
268,36,Otro,2108.81,Técnico,Bucaramanga,2
269,37,Femenino,941.69,Posgrado,Cartagena,1
270,49,Masculino,3126.98,Tecnólogo,Cartagena,5
271,24,Otro,3356.9,Universitario,Cali,5
272,69,Otro,1917.47,Secundaria,Cali,2
273,58,Otro,2379.33,Posgrado,Medellín,2
274,50,Femenino,2310.4,Primaria,Barranquilla,2
275,57,Masculino,2781.03,Tecnólogo,Barranquilla,3
276,56,Otro,3851.91,Tecnólogo,Cali,4
277,35,Femenino,3427.83,Posgrado,Cartagena,3
278,57,Femenino,2198.47,Posgrado,Cali,5
279,18,Femenino,2933.97,Técnico,Cartagena,1
280,28,Otro,3503.49,Universitario,Cartagena,4
281,45,Masculino,2826.68,Técnico,Cali,1
282,42,Otro,2496.24,Técnico,Bogotá,5
283,67,Otro,2856.8,Universitario,Barranquilla,5
284,40,Masculino,1937.38,Primaria,Bucaramanga,1
285,48,Masculino,2054.18,Técnico,Cartagena,1
286,47,Masculino,1648.77,Técnico,Cartagena,1
287,59,Femenino,2745.65,Tecnólogo,Bogotá,5
288,52,Masculino,2394.88,Universitario,Bucaramanga,2
289,24,Otro,1841.51,Secundaria,Medellín,1
290,33,Masculino,2368.66,Primaria,Bogotá,4
291,43,Otro,2876.0,Primaria,Bucaramanga,5
292,65,Femenino,4031.77,Universitario,Bogotá,3
293,69,Otro,3309.65,Posgrado,Cartagena,3
294,66,Otro,672.68,Posgrado,Barranquilla,4
295,19,Masculino,2691.45,Tecnólogo,Bogotá,2
296,18,Masculino,3643.46,Tecnólogo,Medellín,1
297,65,Otro,1429.7,Universitario,Cali,5
298,29,Masculino,2941.25,Tecnólogo,Bucaramanga,1
299,22,Femenino,2310.69,Primaria,Bogotá,5
300,54,Femenino,3420.23,Primaria,Bogotá,3
301,49,Masculino,2823.41,Secundaria,Medellín,1
302,26,Femenino,1792.79,Posgrado,Barranquilla,4
303,58,Masculino,2339.32,Universitario,Bogotá,2
304,52,Otro,2386.64,Técnico,Bogotá,4
305,36,Otro,2401.46,Posgrado,Barranquilla,2
306,65,Femenino,3395.41,Técnico,Medellín,1
307,33,Masculino,1825.9,Secundaria,Bucaramanga,1
308,20,Masculino,3302.44,Secundaria,Bucaramanga,2
309,37,Femenino,2258.2,Tecnólogo,Bogotá,3
310,41,Otro,2678.81,Secundaria,Barranquilla,5
311,50,Femenino,2557.9,Secundaria,Bogotá,4
312,41,Otro,2482.56,Técnico,Cali,4
313,69,Masculino,2489.12,Tecnólogo,Bucaramanga,4
314,28,Otro,3665.89,Secundaria,Cartagena,1
315,66,Femenino,3173.96,Posgrado,Cali,4
316,25,Masculino,2209.83,Secundaria,Bogotá,5
317,53,Femenino,3766.23,Tecnólogo,Medellín,5
318,55,Femenino,2719.74,Universitario,Bucaramanga,2
319,57,Otro,2786.1,Tecnólogo,Cartagena,1
320,37,Femenino,1830.14,Técnico,Cali,5
321,52,Otro,2102.0,Universitario,Bucaramanga,3
322,65,Masculino,1949.2,Posgrado,Barranquilla,1
323,42,Otro,2568.86,Primaria,Medellín,1
324,52,Masculino,3011.03,Tecnólogo,Cali,5
325,42,Otro,2793.79,Técnico,Barranquilla,3
326,46,Femenino,3770.44,Posgrado,Bogotá,2
327,35,Otro,1789.79,Universitario,Barranquilla,5
328,63,Otro,2591.9,Posgrado,Cali,3
329,35,Masculino,1473.65,Tecnólogo,Cali,1
330,19,Femenino,1762.5,Secundaria,Bogotá,3
331,52,Otro,3511.66,Tecnólogo,Barranquilla,1
332,33,Femenino,2129.47,Primaria,Barranquilla,5
333,58,Otro,1857.31,Tecnólogo,Bogotá,5
334,53,Otro,796.02,Universitario,Barranquilla,4
335,50,Femenino,1849.32,Universitario,Bucaramanga,4
336,21,Otro,2335.78,Tecnólogo,Bogotá,4
337,50,Femenino,1414.08,Universitario,Medellín,5
338,31,Otro,2289.77,Secundaria,Cali,2
339,38,Masculino,3516.5,Posgrado,Medellín,5
340,65,Femenino,1934.16,Tecnólogo,Bucaramanga,3
341,37,Otro,1745.29,Secundaria,Bucaramanga,5
342,25,Otro,1600.88,Posgrado,Cartagena,5
343,24,Masculino,1586.59,Posgrado,Cartagena,1
344,20,Femenino,2928.46,Secundaria,Cartagena,1
345,34,Otro,2538.93,Técnico,Bogotá,1
346,50,Masculino,3265.49,Tecnólogo,Barranquilla,5
347,65,Otro,4115.87,Posgrado,Bucaramanga,2
348,29,Femenino,1035.69,Posgrado,Medellín,3
349,68,Otro,2804.06,Universitario,Medellín,3
350,39,Otro,1605.1,Posgrado,Medellín,2
351,39,Otro,3131.12,Secundaria,Medellín,2
352,63,Otro,2282.47,Posgrado,Cartagena,3
353,47,Masculino,2521.86,Técnico,Medellín,4
354,55,Masculino,1473.46,Tecnólogo,Barranquilla,1
355,55,Femenino,2158.86,Tecnólogo,Cartagena,1
356,62,Masculino,2571.73,Posgrado,Medellín,3
357,68,Masculino,3584.86,Primaria,Bogotá,2
358,25,Femenino,1864.35,Primaria,Cali,4
359,44,Masculino,2059.45,Secundaria,Cali,3
360,44,Masculino,3255.43,Primaria,Cali,1
361,51,Femenino,1812.53,Secundaria,Cartagena,5
362,38,Femenino,3413.91,Universitario,Medellín,2
363,47,Femenino,2492.73,Secundaria,Bucaramanga,5
364,50,Otro,2742.5,Primaria,Bucaramanga,3
365,45,Otro,2794.02,Posgrado,Bucaramanga,1
366,64,Femenino,2007.02,Universitario,Cartagena,4
367,50,Femenino,2811.91,Primaria,Barranquilla,5
368,22,Femenino,1882.1,Secundaria,Bogotá,4
369,65,Otro,2098.32,Técnico,Bogotá,1
370,36,Otro,2946.95,Tecnólogo,Cali,5
371,21,Masculino,2734.72,Primaria,Cali,4
372,52,Masculino,2440.03,Secundaria,Bucaramanga,4
373,66,Femenino,1493.01,Universitario,Bucaramanga,5
374,34,Otro,1692.67,Primaria,Cali,1
375,61,Otro,2721.37,Primaria,Medellín,4
376,45,Otro,3085.71,Tecnólogo,Barranquilla,3
377,47,Femenino,1612.28,Secundaria,Barranquilla,5
378,46,Masculino,1828.14,Técnico,Barranquilla,2
379,63,Femenino,2607.35,Universitario,Barranquilla,2
380,23,Masculino,2590.23,Secundaria,Cali,1
381,52,Masculino,1200.83,Universitario,Bogotá,3
382,58,Femenino,2629.25,Primaria,Cali,4
383,54,Masculino,2021.31,Tecnólogo,Barranquilla,2
384,41,Masculino,3812.84,Tecnólogo,Cali,1
385,46,Otro,2699.36,Posgrado,Barranquilla,3
386,66,Masculino,2837.18,Técnico,Cartagena,3
387,63,Femenino,2857.89,Tecnólogo,Bucaramanga,1
388,48,Femenino,1528.86,Primaria,Bogotá,1
389,52,Masculino,4055.1,Técnico,Cartagena,4
390,50,Otro,1201.67,Secundaria,Medellín,1
391,69,Otro,3136.56,Tecnólogo,Cali,4
392,38,Masculino,2994.93,Técnico,Medellín,4
393,49,Masculino,2118.4,Primaria,Cali,5
394,40,Femenino,3033.16,Posgrado,Bucaramanga,3
395,50,Masculino,2245.94,Universitario,Cartagena,3
396,20,Otro,1959.63,Universitario,Bucaramanga,3
397,35,Masculino,2875.65,Primaria,Barranquilla,5
398,42,Femenino,1694.75,Primaria,Bucaramanga,4
399,59,Femenino,2320.6,Universitario,Bucaramanga,4
400,48,Femenino,2024.66,Posgrado,Barranquilla,1
401,20,Femenino,2231.22,Técnico,Cali,5
402,57,Femenino,2846.18,Universitario,Barranquilla,1
403,63,Masculino,2024.51,Primaria,Cartagena,5
404,41,Masculino,2346.14,Tecnólogo,Bucaramanga,1
405,67,Masculino,2097.48,Secundaria,Barranquilla,2
406,49,Masculino,3655.2,Posgrado,Bucaramanga,3
407,64,Femenino,2774.09,Posgrado,Cartagena,3
408,39,Otro,2676.06,Tecnólogo,Medellín,4
409,40,Masculino,3046.73,Tecnólogo,Cartagena,2
410,19,Otro,2024.69,Primaria,Bogotá,3
411,44,Masculino,3187.41,Universitario,Bogotá,4
412,59,Masculino,2776.94,Técnico,Bogotá,2
413,19,Otro,1251.29,Posgrado,Bucaramanga,3
414,43,Femenino,1357.58,Posgrado,Cali,1
415,34,Masculino,2042.16,Tecnólogo,Cali,5
416,57,Masculino,1443.19,Universitario,Cali,2
417,50,Masculino,2309.38,Posgrado,Bucaramanga,4
418,26,Otro,1689.01,Técnico,Cartagena,2
419,60,Femenino,2421.82,Tecnólogo,Cali,4
420,65,Otro,3629.37,Técnico,Medellín,2
421,56,Otro,2460.5,Universitario,Bogotá,4
422,46,Femenino,2257.63,Posgrado,Cartagena,3
423,59,Otro,2810.59,Secundaria,Bogotá,1
424,43,Femenino,1942.86,Posgrado,Cali,3
425,52,Masculino,3174.73,Universitario,Cartagena,1
426,67,Femenino,2896.17,Posgrado,Barranquilla,3
427,42,Masculino,2531.09,Posgrado,Medellín,3
428,41,Otro,2623.45,Primaria,Cali,2
429,30,Otro,4133.4,Posgrado,Cali,5
430,24,Masculino,3253.85,Posgrado,Medellín,4
431,53,Otro,4259.62,Técnico,Medellín,4
432,62,Femenino,2925.62,Secundaria,Barranquilla,4
433,37,Masculino,1322.65,Técnico,Cali,1
434,18,Otro,2290.26,Técnico,Bucaramanga,4
435,25,Masculino,1139.84,Tecnólogo,Cali,4
436,63,Femenino,2922.64,Primaria,Bogotá,2
437,33,Femenino,3096.32,Técnico,Cartagena,3
438,31,Otro,1791.27,Universitario,Cartagena,4
439,29,Femenino,1975.49,Universitario,Bogotá,5
440,68,Masculino,2619.0,Posgrado,Cartagena,4
441,40,Femenino,1541.52,Tecnólogo,Medellín,1
442,32,Masculino,1481.47,Primaria,Cartagena,1
443,45,Masculino,3490.91,Primaria,Cartagena,1
444,51,Femenino,2591.77,Posgrado,Bogotá,4
445,19,Otro,2053.51,Universitario,Barranquilla,2
446,49,Femenino,1146.3,Secundaria,Cartagena,5
447,40,Masculino,3181.88,Tecnólogo,Bucaramanga,4
448,39,Masculino,1952.39,Posgrado,Cartagena,2
449,68,Femenino,3988.55,Tecnólogo,Barranquilla,2
450,42,Otro,3187.45,Universitario,Bogotá,4
451,39,Otro,1853.49,Universitario,Barranquilla,4
452,39,Masculino,1927.62,Secundaria,Bogotá,2
453,66,Masculino,3877.48,Secundaria,Medellín,2
454,69,Otro,2432.59,Primaria,Bogotá,2
455,59,Femenino,2089.35,Tecnólogo,Medellín,4
456,23,Masculino,2522.18,Tecnólogo,Medellín,2
457,32,Masculino,2085.67,Universitario,Bogotá,1
458,60,Otro,2692.84,Primaria,Bucaramanga,4
459,54,Femenino,2439.34,Posgrado,Cali,1
460,50,Otro,3200.41,Tecnólogo,Bogotá,3
461,25,Femenino,2189.14,Primaria,Cartagena,4
462,61,Femenino,1792.15,Primaria,Bucaramanga,3
463,61,Femenino,2220.81,Universitario,Bucaramanga,2
464,22,Masculino,2215.93,Primaria,Cartagena,2
465,56,Otro,2437.97,Secundaria,Cali,5
466,21,Otro,3007.63,Secundaria,Bucaramanga,2
467,23,Femenino,2963.93,Técnico,Medellín,3
468,62,Masculino,3459.73,Universitario,Cali,2
469,49,Masculino,1850.81,Posgrado,Cartagena,4
470,69,Otro,2810.98,Técnico,Cali,2
471,47,Masculino,3081.86,Secundaria,Bogotá,5
472,64,Masculino,1960.62,Técnico,Cali,2
473,52,Femenino,2333.9,Universitario,Medellín,3
474,57,Masculino,1100.02,Universitario,Bogotá,3
475,69,Femenino,3225.49,Primaria,Barranquilla,2
476,33,Otro,2327.6,Tecnólogo,Cartagena,3
477,30,Masculino,3145.25,Primaria,Cartagena,3
478,67,Otro,2664.84,Universitario,Cali,5
479,59,Otro,2351.87,Secundaria,Bucaramanga,4
480,47,Masculino,1225.76,Posgrado,Bogotá,5
481,36,Masculino,1368.04,Secundaria,Barranquilla,1
482,34,Otro,425.48,Primaria,Bogotá,5
483,36,Masculino,2049.91,Posgrado,Cartagena,2
484,45,Femenino,4322.6,Universitario,Bogotá,4
485,43,Femenino,1469.64,Secundaria,Barranquilla,2
486,54,Masculino,394.85,Universitario,Bucaramanga,1
487,43,Otro,3270.14,Posgrado,Cali,4
488,40,Masculino,4390.97,Posgrado,Medellín,3
489,26,Masculino,2738.34,Secundaria,Bogotá,5
490,29,Otro,2730.99,Universitario,Medellín,2
491,18,Otro,2252.09,Técnico,Cartagena,1
492,18,Femenino,1064.59,Universitario,Cali,3
493,64,Otro,1339.43,Posgrado,Cali,5
494,51,Femenino,2246.6,Universitario,Bogotá,3
495,49,Otro,2093.24,Primaria,Bucaramanga,5
496,65,Masculino,2407.86,Técnico,Cali,4
497,42,Femenino,3163.46,Tecnólogo,Bogotá,3
498,57,Femenino,2034.53,Primaria,Bogotá,3
499,62,Femenino,3179.77,Tecnólogo,Medellín,3
500,18,Masculino,2039.77,Secundaria,Cali,4
501,33,Masculino,3330.59,Tecnólogo,Bogotá,1
502,56,Masculino,2569.09,Universitario,Medellín,5
503,22,Masculino,2151.34,Tecnólogo,Barranquilla,3
504,39,Masculino,2555.44,Posgrado,Medellín,4
505,46,Femenino,2265.17,Primaria,Medellín,1
506,20,Masculino,2590.51,Primaria,Bogotá,5
507,29,Femenino,3106.48,Tecnólogo,Cartagena,4
508,43,Masculino,2430.23,Primaria,Cartagena,5
509,33,Otro,2204.34,Posgrado,Bucaramanga,3
510,68,Femenino,1601.19,Primaria,Cartagena,1
511,54,Otro,2963.34,Tecnólogo,Medellín,4
512,39,Femenino,2778.62,Técnico,Bucaramanga,1
513,46,Otro,1554.45,Técnico,Bogotá,3
514,31,Masculino,3168.4,Secundaria,Cali,1
515,45,Masculino,1541.45,Primaria,Medellín,1
516,22,Masculino,3323.38,Tecnólogo,Medellín,2
517,64,Femenino,3050.29,Primaria,Bucaramanga,1
518,66,Otro,2835.73,Universitario,Bogotá,5
519,47,Masculino,2198.4,Posgrado,Barranquilla,4
520,63,Otro,2960.62,Primaria,Medellín,2
521,69,Otro,3361.1,Primaria,Barranquilla,4
522,22,Masculino,2973.88,Técnico,Barranquilla,4
523,29,Masculino,1963.8,Posgrado,Cartagena,3
524,33,Otro,2713.93,Tecnólogo,Bogotá,3
525,43,Masculino,3405.63,Primaria,Barranquilla,2
526,43,Masculino,4259.28,Técnico,Bogotá,3
527,65,Masculino,2335.83,Secundaria,Cartagena,3
528,38,Femenino,3186.31,Posgrado,Bogotá,3
529,56,Otro,3407.58,Técnico,Medellín,4
530,53,Otro,1850.08,Técnico,Barranquilla,2
531,50,Femenino,3925.66,Técnico,Bogotá,4
532,47,Otro,1647.85,Primaria,Cali,5
533,54,Masculino,3147.19,Primaria,Bogotá,4
534,40,Otro,2744.26,Secundaria,Barranquilla,5
535,27,Masculino,2544.46,Universitario,Cartagena,1
536,22,Femenino,4537.47,Universitario,Cartagena,1
537,53,Masculino,2259.0,Universitario,Barranquilla,5
538,51,Otro,2246.12,Posgrado,Medellín,5
539,69,Otro,3565.18,Posgrado,Medellín,4
540,48,Otro,3109.44,Secundaria,Cartagena,5
541,27,Femenino,3525.68,Posgrado,Cartagena,2
542,36,Femenino,2593.5,Universitario,Barranquilla,1
543,49,Otro,2753.55,Universitario,Medellín,1
544,18,Masculino,4020.75,Técnico,Cartagena,5
545,22,Femenino,1831.24,Posgrado,Medellín,3
546,62,Otro,2417.7,Primaria,Cartagena,3
547,21,Otro,3138.6,Primaria,Bogotá,5
548,33,Femenino,2343.31,Técnico,Cali,2
549,41,Femenino,2043.88,Técnico,Bucaramanga,3
550,33,Femenino,2994.79,Técnico,Bogotá,5
551,19,Masculino,3568.64,Primaria,Bucaramanga,2
552,66,Masculino,2387.33,Universitario,Cartagena,2
553,45,Otro,2365.13,Técnico,Cali,4
554,49,Femenino,1981.85,Secundaria,Cali,2
555,44,Masculino,2263.22,Técnico,Cartagena,3
556,37,Femenino,3366.88,Tecnólogo,Cartagena,3
557,41,Otro,2564.85,Técnico,Medellín,5
558,29,Masculino,1856.01,Primaria,Cartagena,5
559,67,Masculino,2709.89,Posgrado,Barranquilla,2
560,52,Masculino,3340.96,Técnico,Cartagena,1
561,50,Otro,2050.49,Posgrado,Barranquilla,4
562,50,Femenino,1437.12,Tecnólogo,Cartagena,1
563,68,Masculino,4252.66,Secundaria,Medellín,2
564,60,Otro,1397.18,Posgrado,Barranquilla,2
565,54,Femenino,2212.78,Universitario,Bogotá,1
566,29,Otro,2685.7,Técnico,Barranquilla,4
567,20,Femenino,2282.06,Tecnólogo,Medellín,1
568,18,Otro,2440.07,Tecnólogo,Bucaramanga,5
569,50,Femenino,2961.47,Posgrado,Barranquilla,3
570,57,Masculino,586.62,Secundaria,Cartagena,5
571,27,Femenino,1486.48,Primaria,Cartagena,3
572,60,Otro,2535.41,Técnico,Bucaramanga,2
573,61,Otro,2176.63,Tecnólogo,Medellín,4
574,46,Femenino,2603.53,Secundaria,Cali,1
575,30,Masculino,2682.12,Universitario,Cartagena,4
576,29,Masculino,807.26,Tecnólogo,Bogotá,1
577,48,Femenino,3518.91,Secundaria,Medellín,5
578,63,Femenino,2101.39,Primaria,Barranquilla,5
579,19,Otro,1807.59,Primaria,Barranquilla,1
580,68,Masculino,2666.68,Tecnólogo,Bogotá,4
581,67,Femenino,2585.73,Tecnólogo,Cartagena,1
582,52,Masculino,3457.35,Posgrado,Medellín,2
583,40,Femenino,2717.5,Técnico,Bogotá,5
584,34,Femenino,3426.49,Secundaria,Cartagena,2
585,43,Masculino,1749.46,Tecnólogo,Medellín,5
586,25,Femenino,2613.49,Técnico,Barranquilla,5
587,46,Femenino,1608.2,Posgrado,Medellín,3
588,43,Otro,2578.14,Técnico,Bucaramanga,2
589,27,Femenino,2408.57,Tecnólogo,Cali,2
590,43,Femenino,2374.16,Primaria,Medellín,3
591,51,Femenino,2381.18,Secundaria,Cali,4
592,68,Otro,3089.11,Secundaria,Medellín,2
593,58,Masculino,1214.11,Primaria,Cali,1
594,24,Otro,1780.17,Tecnólogo,Bucaramanga,3
595,21,Otro,2467.54,Secundaria,Barranquilla,2
596,67,Masculino,1557.07,Tecnólogo,Cartagena,4
597,62,Otro,2536.89,Posgrado,Cali,2
598,28,Masculino,2459.32,Tecnólogo,Bucaramanga,5
599,46,Otro,1376.99,Técnico,Cali,1
600,53,Masculino,1337.47,Primaria,Barranquilla,3
601,42,Femenino,400.97,Tecnólogo,Cali,5
602,38,Otro,1523.46,Posgrado,Bucaramanga,4
603,53,Otro,2511.46,Universitario,Bucaramanga,5
604,27,Otro,2624.95,Primaria,Bogotá,5
605,54,Otro,2661.52,Secundaria,Barranquilla,4
606,26,Femenino,1877.66,Técnico,Bogotá,5
607,41,Otro,2485.36,Secundaria,Barranquilla,3
608,52,Femenino,2817.8,Posgrado,Cali,2
609,66,Femenino,1485.57,Posgrado,Bucaramanga,5
610,52,Femenino,2598.66,Secundaria,Bogotá,3
611,65,Femenino,3025.18,Primaria,Cali,2
612,53,Masculino,2107.38,Secundaria,Bucaramanga,2
613,35,Masculino,3349.79,Tecnólogo,Barranquilla,5
614,66,Otro,2126.05,Secundaria,Bucaramanga,3
615,56,Masculino,1811.95,Técnico,Cali,5
616,49,Masculino,2945.47,Técnico,Bogotá,4
617,41,Otro,4126.64,Universitario,Bogotá,2
618,40,Otro,2568.28,Técnico,Bucaramanga,5
619,49,Otro,3007.93,Secundaria,Cali,2
620,54,Masculino,2093.03,Técnico,Medellín,3
621,29,Masculino,1506.71,Primaria,Barranquilla,1
622,66,Otro,2633.01,Técnico,Barranquilla,5
623,30,Femenino,2759.52,Tecnólogo,Cali,5
624,40,Otro,2213.67,Primaria,Medellín,2
625,42,Femenino,3004.85,Universitario,Bogotá,3
626,52,Femenino,1976.74,Tecnólogo,Cartagena,4
627,58,Otro,1778.33,Secundaria,Cartagena,3
628,47,Otro,3348.51,Secundaria,Cali,5
629,34,Otro,3352.28,Secundaria,Medellín,4
630,66,Masculino,1992.53,Tecnólogo,Medellín,3
631,37,Femenino,3875.08,Tecnólogo,Barranquilla,1
632,65,Masculino,2270.31,Tecnólogo,Bogotá,2
633,42,Masculino,2567.83,Primaria,Bucaramanga,3
634,39,Otro,2432.28,Posgrado,Medellín,3
635,30,Masculino,2919.01,Primaria,Bucaramanga,1
636,36,Otro,2717.14,Secundaria,Cartagena,5
637,66,Femenino,2706.37,Posgrado,Bucaramanga,2
638,53,Otro,1684.35,Técnico,Bogotá,3
639,29,Masculino,1149.15,Secundaria,Bogotá,4
640,58,Masculino,3413.73,Universitario,Bucaramanga,3
641,36,Otro,2063.64,Primaria,Cali,2
642,29,Otro,2460.77,Tecnólogo,Medellín,3
643,26,Masculino,2761.44,Primaria,Cali,1
644,24,Femenino,3803.21,Tecnólogo,Bucaramanga,3
645,45,Femenino,2629.09,Posgrado,Medellín,3
646,31,Otro,2184.16,Universitario,Barranquilla,4
647,48,Femenino,2081.16,Posgrado,Cali,1
648,69,Masculino,2470.11,Universitario,Cali,1
649,36,Otro,1772.51,Primaria,Bucaramanga,3
650,64,Masculino,2523.1,Tecnólogo,Cartagena,4
651,33,Masculino,2458.38,Posgrado,Bucaramanga,3
652,22,Femenino,3813.22,Universitario,Cali,3
653,52,Otro,2433.12,Secundaria,Medellín,2
654,29,Otro,960.41,Secundaria,Cartagena,2
655,42,Femenino,4638.81,Posgrado,Bucaramanga,4
656,69,Masculino,3265.47,Tecnólogo,Bucaramanga,5
657,38,Masculino,4165.88,Posgrado,Cali,2
658,53,Masculino,1574.14,Primaria,Cali,5
659,40,Masculino,2322.54,Universitario,Barranquilla,1
660,33,Otro,3039.52,Primaria,Bucaramanga,2
661,56,Otro,2929.11,Secundaria,Cali,2
662,62,Femenino,2745.55,Universitario,Bogotá,4
663,59,Femenino,740.31,Posgrado,Cartagena,5
664,56,Otro,1130.05,Primaria,Bogotá,2
665,31,Otro,3714.02,Técnico,Cartagena,2
666,48,Masculino,3856.26,Tecnólogo,Bucaramanga,4
667,22,Masculino,2414.68,Tecnólogo,Barranquilla,4
668,52,Femenino,3612.34,Técnico,Cali,5
669,40,Otro,1681.42,Secundaria,Cali,1
670,46,Femenino,1864.46,Universitario,Cali,1
671,60,Otro,1618.18,Tecnólogo,Bucaramanga,3
672,28,Masculino,1820.06,Técnico,Cartagena,2
673,35,Femenino,3078.16,Posgrado,Cali,5
674,64,Femenino,1810.12,Técnico,Bogotá,2
675,29,Otro,4291.79,Secundaria,Cali,5
676,26,Masculino,2868.06,Secundaria,Bucaramanga,5
677,27,Femenino,3367.62,Primaria,Barranquilla,5
678,61,Masculino,2891.95,Tecnólogo,Bogotá,2
679,34,Femenino,3471.42,Primaria,Cali,4
680,55,Masculino,1805.6,Técnico,Cali,2
681,24,Otro,3657.55,Universitario,Medellín,5
682,63,Femenino,2612.75,Universitario,Cartagena,3
683,30,Femenino,3467.41,Secundaria,Bogotá,1
684,57,Masculino,1348.35,Universitario,Medellín,5
685,59,Masculino,2644.47,Universitario,Barranquilla,3
686,26,Femenino,2616.19,Universitario,Cartagena,4
687,67,Otro,2004.61,Técnico,Bogotá,5
688,44,Masculino,2750.5,Universitario,Cali,3
689,19,Masculino,3731.69,Posgrado,Bogotá,5
690,22,Masculino,1943.08,Universitario,Cali,2
691,46,Femenino,3269.48,Universitario,Cartagena,3
692,54,Femenino,1598.06,Primaria,Cali,2
693,55,Femenino,4187.56,Técnico,Barranquilla,2
694,36,Femenino,3127.68,Secundaria,Bucaramanga,3
695,25,Otro,3880.09,Primaria,Cali,1
696,65,Otro,3037.65,Tecnólogo,Barranquilla,3
697,62,Femenino,2812.49,Técnico,Bucaramanga,1
698,18,Otro,3134.35,Posgrado,Cartagena,5
699,39,Masculino,2390.84,Técnico,Cartagena,5
700,69,Masculino,1205.73,Tecnólogo,Bogotá,3
701,34,Masculino,2857.92,Tecnólogo,Barranquilla,5
702,24,Femenino,1895.6,Tecnólogo,Barranquilla,4
703,42,Masculino,1618.67,Secundaria,Medellín,2
704,62,Otro,3009.03,Universitario,Medellín,2
705,21,Femenino,2276.71,Técnico,Bucaramanga,1
706,53,Otro,3322.16,Universitario,Bucaramanga,5
707,23,Masculino,1868.85,Universitario,Medellín,1
708,48,Masculino,2123.34,Posgrado,Bucaramanga,2
709,36,Masculino,3420.24,Tecnólogo,Cali,2
710,61,Femenino,2723.87,Secundaria,Medellín,5
711,56,Otro,1318.14,Posgrado,Barranquilla,4
712,44,Femenino,2706.21,Primaria,Cali,4
713,27,Femenino,3684.99,Secundaria,Bucaramanga,5
714,43,Masculino,2117.14,Universitario,Cartagena,5
715,36,Femenino,2978.45,Secundaria,Bogotá,1
716,56,Femenino,1820.49,Tecnólogo,Medellín,5
717,20,Masculino,2390.57,Primaria,Cartagena,4
718,62,Femenino,3371.87,Tecnólogo,Bucaramanga,5
719,30,Masculino,2675.39,Primaria,Barranquilla,1
720,67,Masculino,3531.42,Posgrado,Bogotá,1
721,45,Masculino,2840.24,Universitario,Cartagena,1
722,37,Masculino,4274.99,Primaria,Bogotá,1
723,45,Femenino,1248.07,Primaria,Medellín,3
724,25,Masculino,2326.25,Primaria,Bucaramanga,5
725,58,Masculino,1632.37,Secundaria,Barranquilla,2
726,56,Femenino,1687.0,Posgrado,Bucaramanga,5
727,18,Femenino,1694.25,Secundaria,Bogotá,3
728,20,Otro,2634.18,Universitario,Cartagena,1
729,30,Femenino,2681.04,Primaria,Medellín,3
730,45,Femenino,2841.96,Posgrado,Medellín,4
731,66,Otro,1601.55,Posgrado,Bucaramanga,4
732,42,Femenino,2240.62,Técnico,Cartagena,5
733,50,Femenino,1728.56,Universitario,Cartagena,5
734,55,Femenino,3248.71,Posgrado,Bogotá,2
735,23,Femenino,1803.79,Primaria,Bucaramanga,2
736,61,Otro,2329.03,Primaria,Bucaramanga,4
737,62,Femenino,2948.25,Posgrado,Cali,1
738,49,Femenino,2007.5,Secundaria,Bucaramanga,3
739,62,Otro,3055.1,Universitario,Medellín,2
740,64,Masculino,3776.86,Primaria,Bogotá,2
741,38,Otro,2651.77,Posgrado,Cartagena,1
742,33,Masculino,3221.29,Primaria,Bucaramanga,1
743,38,Otro,841.26,Posgrado,Bogotá,5
744,28,Otro,2156.76,Universitario,Bucaramanga,3
745,54,Femenino,2647.92,Posgrado,Cartagena,1
746,53,Masculino,1657.63,Técnico,Barranquilla,2
747,52,Femenino,2666.12,Posgrado,Cartagena,2
748,36,Masculino,3347.95,Posgrado,Cartagena,4
749,37,Otro,996.35,Universitario,Cartagena,1
750,35,Otro,1548.74,Posgrado,Bucaramanga,5
751,64,Masculino,2647.85,Universitario,Cali,3
752,58,Femenino,2868.34,Técnico,Cartagena,5
753,66,Femenino,3090.46,Universitario,Medellín,2
754,31,Femenino,2588.71,Primaria,Medellín,5
755,32,Femenino,2869.21,Universitario,Bogotá,2
756,48,Otro,3222.78,Técnico,Cali,2
757,18,Otro,2168.43,Tecnólogo,Bogotá,2
758,20,Otro,2013.13,Posgrado,Medellín,2
759,33,Otro,2365.19,Universitario,Medellín,2
760,40,Otro,2659.59,Posgrado,Barranquilla,4
761,28,Femenino,1973.38,Secundaria,Cartagena,5
762,29,Femenino,2184.99,Primaria,Medellín,4
763,27,Femenino,2818.16,Primaria,Bucaramanga,4
764,49,Femenino,2626.2,Secundaria,Bucaramanga,1
765,33,Otro,2351.73,Secundaria,Bogotá,1
766,25,Otro,1107.14,Universitario,Bogotá,1
767,55,Otro,2497.19,Secundaria,Cartagena,3
768,29,Masculino,1724.0,Tecnólogo,Cartagena,1
769,41,Femenino,3286.47,Posgrado,Barranquilla,5
770,45,Femenino,2253.02,Posgrado,Cali,4
771,25,Otro,1703.01,Técnico,Bogotá,5
772,45,Femenino,2450.77,Secundaria,Cartagena,1
773,53,Femenino,3516.56,Secundaria,Bogotá,3
774,43,Otro,3004.65,Tecnólogo,Cartagena,3
775,25,Masculino,2675.93,Primaria,Medellín,4
776,67,Masculino,1439.12,Primaria,Bogotá,5
777,45,Masculino,3797.28,Posgrado,Medellín,2
778,45,Otro,2002.7,Posgrado,Bogotá,5
779,54,Femenino,3247.03,Universitario,Cali,1
780,58,Otro,2239.71,Tecnólogo,Barranquilla,2
781,53,Otro,3170.01,Técnico,Bucaramanga,3
782,44,Femenino,3545.5,Técnico,Bucaramanga,4
783,34,Masculino,3018.51,Tecnólogo,Bucaramanga,4
784,26,Masculino,3104.68,Técnico,Medellín,3
785,50,Otro,2421.25,Primaria,Cartagena,1
786,37,Masculino,2152.83,Técnico,Bucaramanga,3
787,30,Otro,2610.64,Técnico,Cali,1
788,45,Otro,2228.07,Tecnólogo,Bucaramanga,2
789,65,Femenino,4473.76,Tecnólogo,Bogotá,3
790,46,Femenino,1706.11,Técnico,Medellín,1
791,30,Femenino,3301.67,Secundaria,Bogotá,2
792,63,Otro,2913.76,Tecnólogo,Bogotá,3
793,52,Femenino,2683.9,Universitario,Bogotá,4
794,23,Masculino,3683.91,Universitario,Barranquilla,3
795,35,Masculino,2738.7,Primaria,Barranquilla,5
796,68,Otro,1992.07,Técnico,Cartagena,3
797,22,Otro,2733.38,Secundaria,Medellín,5
798,64,Femenino,2353.46,Primaria,Cali,2
799,42,Otro,2902.63,Técnico,Cali,3
800,19,Otro,3150.46,Tecnólogo,Cali,2
801,27,Masculino,1812.73,Universitario,Bogotá,2
802,47,Masculino,3456.27,Posgrado,Barranquilla,1
803,67,Femenino,2296.08,Secundaria,Medellín,2
804,62,Otro,2854.89,Posgrado,Bogotá,2
805,22,Otro,2993.62,Universitario,Barranquilla,3
806,50,Masculino,2793.91,Posgrado,Barranquilla,3
807,18,Otro,2412.71,Tecnólogo,Bucaramanga,4
808,35,Masculino,2109.12,Técnico,Bucaramanga,1
809,49,Femenino,2284.8,Tecnólogo,Medellín,2
810,64,Masculino,3752.14,Posgrado,Medellín,1
811,66,Otro,1807.31,Tecnólogo,Medellín,5
812,28,Femenino,1924.61,Universitario,Bogotá,2
813,38,Masculino,1889.48,Secundaria,Cartagena,1
814,43,Masculino,2608.6,Tecnólogo,Medellín,4
815,42,Femenino,1280.24,Universitario,Bucaramanga,4
816,39,Femenino,1417.15,Secundaria,Cartagena,2
817,44,Masculino,2291.24,Técnico,Bogotá,5
818,66,Otro,1469.78,Posgrado,Cartagena,4
819,30,Masculino,1534.98,Técnico,Cali,4
820,50,Femenino,1475.79,Primaria,Cartagena,5
821,51,Masculino,1822.71,Universitario,Medellín,1
822,58,Femenino,3085.0,Secundaria,Bogotá,4
823,52,Femenino,3264.57,Tecnólogo,Medellín,3
824,18,Otro,4035.2,Técnico,Bucaramanga,4
825,38,Femenino,4005.89,Secundaria,Cali,1
826,65,Femenino,3129.05,Universitario,Bucaramanga,1
827,23,Otro,3322.14,Primaria,Medellín,2
828,45,Femenino,2604.88,Técnico,Medellín,3
829,34,Otro,2915.89,Posgrado,Medellín,1
830,22,Otro,4054.88,Secundaria,Barranquilla,5
831,48,Femenino,2796.97,Posgrado,Cali,3
832,22,Femenino,3422.59,Secundaria,Medellín,3
833,55,Masculino,1752.52,Secundaria,Medellín,5
834,20,Otro,1967.01,Universitario,Bucaramanga,4
835,40,Masculino,2749.66,Universitario,Bucaramanga,5
836,54,Femenino,2619.95,Universitario,Medellín,5
837,54,Masculino,2004.05,Tecnólogo,Bogotá,4
838,27,Otro,4425.9,Secundaria,Barranquilla,4
839,27,Masculino,2638.08,Técnico,Bucaramanga,4
840,36,Otro,2145.82,Posgrado,Bogotá,4
841,34,Femenino,2621.3,Universitario,Barranquilla,4
842,38,Femenino,2520.34,Universitario,Medellín,5
843,31,Otro,2650.24,Posgrado,Cali,2
844,26,Femenino,1225.03,Posgrado,Cartagena,2
845,63,Femenino,3533.56,Secundaria,Cartagena,1
846,18,Femenino,3579.06,Universitario,Medellín,2
847,68,Femenino,3676.26,Posgrado,Bucaramanga,2
848,62,Otro,2760.35,Tecnólogo,Bogotá,5
849,30,Masculino,3029.98,Tecnólogo,Cali,4
850,21,Masculino,1807.02,Universitario,Barranquilla,4
851,18,Femenino,3166.32,Posgrado,Medellín,5
852,66,Masculino,2701.43,Secundaria,Cali,2
853,57,Masculino,2131.67,Secundaria,Cali,5
854,49,Femenino,3191.8,Secundaria,Bucaramanga,1
855,51,Femenino,3222.76,Primaria,Barranquilla,4
856,45,Masculino,2548.49,Universitario,Cali,3
857,48,Otro,2850.71,Secundaria,Bucaramanga,1
858,25,Femenino,1674.63,Tecnólogo,Bogotá,1
859,56,Otro,3494.55,Posgrado,Bucaramanga,5
860,43,Masculino,1780.95,Técnico,Bogotá,2
861,51,Femenino,1935.66,Técnico,Bogotá,4
862,20,Otro,2549.85,Secundaria,Cali,3
863,67,Femenino,3391.61,Técnico,Bucaramanga,1
864,29,Masculino,3391.16,Técnico,Bogotá,3
865,18,Otro,2496.14,Primaria,Barranquilla,2
866,61,Masculino,3118.41,Tecnólogo,Cali,2
867,22,Masculino,1148.75,Tecnólogo,Bucaramanga,3
868,47,Femenino,1924.54,Primaria,Bucaramanga,4
869,47,Otro,1940.84,Primaria,Cartagena,2
870,34,Masculino,3501.77,Técnico,Bucaramanga,3
871,65,Masculino,3023.72,Universitario,Cali,1
872,64,Otro,2647.72,Posgrado,Barranquilla,3
873,40,Masculino,2725.39,Posgrado,Bucaramanga,3
874,32,Masculino,3754.67,Técnico,Cartagena,5
875,54,Otro,2363.86,Posgrado,Cali,2
876,38,Otro,1448.75,Primaria,Bogotá,4
877,31,Otro,3369.76,Tecnólogo,Medellín,4
878,19,Otro,2645.47,Posgrado,Medellín,5
879,28,Femenino,3262.94,Técnico,Bogotá,4
880,68,Otro,2464.19,Universitario,Bucaramanga,3
881,56,Femenino,1829.05,Técnico,Medellín,5
882,55,Femenino,2822.26,Secundaria,Medellín,1
883,51,Femenino,2508.14,Técnico,Bogotá,2
884,55,Masculino,2647.95,Primaria,Bucaramanga,2
885,67,Femenino,3793.26,Tecnólogo,Bucaramanga,2
886,51,Femenino,1621.04,Tecnólogo,Bogotá,3
887,35,Masculino,2728.73,Posgrado,Bucaramanga,1
888,47,Masculino,1844.8,Primaria,Bucaramanga,5
889,32,Masculino,427.56,Secundaria,Cali,5
890,44,Otro,2460.83,Primaria,Cali,2
891,68,Masculino,2524.82,Técnico,Bogotá,1
892,51,Masculino,2998.82,Primaria,Barranquilla,1
893,69,Femenino,2325.97,Primaria,Medellín,1
894,55,Masculino,1308.8,Secundaria,Cali,4
895,50,Otro,1842.05,Técnico,Medellín,4
896,41,Masculino,3553.57,Universitario,Cartagena,2
897,32,Otro,1830.7,Universitario,Bogotá,1
898,47,Masculino,3766.58,Tecnólogo,Barranquilla,1
899,59,Masculino,3339.99,Posgrado,Cartagena,5
900,68,Masculino,2245.78,Primaria,Cartagena,5
901,34,Masculino,1916.74,Tecnólogo,Bucaramanga,2
902,22,Otro,3338.33,Secundaria,Cartagena,1
903,46,Otro,2307.27,Universitario,Bogotá,2
904,21,Femenino,1263.48,Primaria,Cali,5
905,27,Otro,2949.85,Secundaria,Bogotá,5
906,34,Masculino,2833.81,Posgrado,Cali,4
907,27,Femenino,3410.16,Secundaria,Cartagena,2
908,34,Femenino,2779.68,Primaria,Cartagena,2
909,37,Femenino,2060.68,Posgrado,Barranquilla,1
910,41,Masculino,3515.74,Secundaria,Cali,1
911,22,Otro,3593.59,Posgrado,Cartagena,4
912,51,Masculino,2686.56,Primaria,Bucaramanga,3
913,23,Femenino,2548.26,Primaria,Medellín,3
914,19,Masculino,1441.38,Posgrado,Barranquilla,3
915,30,Masculino,2013.98,Técnico,Bogotá,2
916,60,Otro,3108.62,Tecnólogo,Barranquilla,2
917,60,Otro,2054.18,Secundaria,Medellín,5
918,65,Femenino,1334.53,Secundaria,Cali,2
919,28,Masculino,5296.7,Técnico,Bogotá,2
920,68,Masculino,1329.28,Técnico,Bogotá,2
921,64,Otro,4305.4,Técnico,Cali,4
922,40,Masculino,2254.06,Universitario,Barranquilla,2
923,33,Masculino,2432.35,Universitario,Cartagena,1
924,48,Masculino,1962.18,Posgrado,Barranquilla,1
925,28,Otro,3126.27,Universitario,Medellín,5
926,33,Femenino,1348.18,Primaria,Bucaramanga,4
927,25,Femenino,1027.74,Posgrado,Cartagena,1
928,21,Masculino,3788.14,Secundaria,Barranquilla,4
929,57,Femenino,1856.82,Tecnólogo,Bucaramanga,4
930,21,Otro,3096.87,Primaria,Bucaramanga,5
931,42,Otro,1631.64,Secundaria,Cali,4
932,20,Femenino,3066.74,Secundaria,Medellín,2
933,49,Femenino,3846.84,Posgrado,Medellín,4
934,20,Masculino,2078.3,Técnico,Medellín,5
935,44,Femenino,953.25,Técnico,Cartagena,5
936,46,Masculino,3851.04,Primaria,Bogotá,5
937,49,Masculino,3241.0,Técnico,Cartagena,1
938,67,Otro,2121.14,Secundaria,Barranquilla,2
939,68,Otro,2325.64,Técnico,Bucaramanga,1
940,36,Otro,1611.48,Universitario,Bucaramanga,3
941,38,Otro,3636.21,Técnico,Bogotá,2
942,22,Femenino,2072.23,Secundaria,Barranquilla,4
943,35,Otro,1365.03,Posgrado,Bogotá,5
944,45,Femenino,2670.92,Primaria,Bucaramanga,3
945,59,Otro,1811.99,Tecnólogo,Cartagena,2
946,39,Femenino,1675.99,Técnico,Medellín,1
947,38,Masculino,2155.92,Secundaria,Bucaramanga,5
948,23,Femenino,2569.08,Tecnólogo,Cali,1
949,18,Femenino,1395.11,Tecnólogo,Medellín,2
950,22,Otro,3608.12,Universitario,Bucaramanga,2
951,58,Femenino,3041.73,Tecnólogo,Cartagena,3
952,29,Masculino,2207.71,Posgrado,Bogotá,4
953,43,Masculino,1777.33,Secundaria,Medellín,1
954,63,Otro,2428.62,Secundaria,Cartagena,3
955,51,Masculino,3219.55,Técnico,Barranquilla,5
956,66,Femenino,3095.67,Técnico,Cali,4
957,31,Masculino,3346.8,Técnico,Medellín,3
958,43,Otro,2115.7,Posgrado,Bogotá,1
959,62,Femenino,160.06,Tecnólogo,Barranquilla,2
960,44,Otro,3498.25,Tecnólogo,Cartagena,5
961,26,Femenino,2366.24,Universitario,Cali,1
962,43,Masculino,3032.93,Posgrado,Bogotá,4
963,64,Otro,3835.38,Técnico,Cartagena,4
964,39,Otro,4447.53,Primaria,Cartagena,2
965,64,Femenino,1980.14,Universitario,Medellín,2
966,47,Otro,2607.17,Primaria,Medellín,5
967,60,Femenino,3593.47,Tecnólogo,Bogotá,5
968,65,Femenino,1824.58,Universitario,Bucaramanga,2
969,34,Femenino,2034.31,Universitario,Bucaramanga,2
970,43,Femenino,2029.57,Secundaria,Cartagena,4
971,53,Masculino,2477.53,Tecnólogo,Medellín,2
972,18,Femenino,2323.9,Tecnólogo,Cali,3
973,25,Otro,2024.96,Posgrado,Cali,1
974,66,Masculino,1727.39,Universitario,Cartagena,2
975,52,Otro,3149.55,Tecnólogo,Medellín,5
976,69,Masculino,3570.26,Universitario,Bogotá,3
977,32,Femenino,3686.17,Posgrado,Bogotá,5
978,64,Masculino,2115.14,Posgrado,Bogotá,3
979,39,Masculino,3182.98,Secundaria,Cali,2
980,31,Otro,2689.06,Universitario,Medellín,1
981,43,Otro,2043.46,Tecnólogo,Medellín,5
982,45,Femenino,3087.37,Tecnólogo,Cali,3
983,40,Masculino,2006.72,Universitario,Bogotá,4
984,31,Masculino,2199.06,Universitario,Bogotá,2
985,41,Masculino,1398.62,Universitario,Cartagena,1
986,19,Femenino,2128.62,Técnico,Bucaramanga,2
987,62,Femenino,2703.09,Tecnólogo,Barranquilla,4
988,43,Femenino,3755.15,Posgrado,Bucaramanga,1
989,31,Femenino,2217.2,Tecnólogo,Medellín,4
990,68,Femenino,1669.46,Técnico,Medellín,2
991,24,Otro,3697.9,Universitario,Medellín,3
992,20,Masculino,2096.36,Secundaria,Bucaramanga,2
993,64,Masculino,1101.29,Universitario,Barranquilla,2
994,40,Masculino,2606.47,Universitario,Cartagena,2
995,63,Masculino,2240.18,Técnico,Bucaramanga,5
996,60,Masculino,4340.32,Tecnólogo,Barranquilla,4
997,64,Masculino,2880.29,Universitario,Bogotá,4
998,62,Masculino,2382.93,Tecnólogo,Bogotá,4
999,35,Masculino,1760.4,Primaria,Medellín,5
1000,55,Otro,2764.13,Posgrado,Cali,3
1001,52,Masculino,3665.37,Tecnólogo,Medellín,2
1002,68,Otro,2749.45,Secundaria,Cali,3
1003,32,Femenino,1822.06,Posgrado,Barranquilla,5
1004,42,Masculino,2931.04,Secundaria,Bogotá,4
1005,54,Femenino,2461.11,Universitario,Bucaramanga,2
1006,45,Femenino,2858.89,Posgrado,Cali,1
1007,27,Femenino,2216.15,Tecnólogo,Barranquilla,1
1008,56,Otro,2197.36,Posgrado,Bogotá,3
1009,34,Femenino,2165.78,Universitario,Bucaramanga,4
1010,56,Femenino,3253.79,Técnico,Cali,1
1011,39,Femenino,2205.42,Secundaria,Medellín,3
1012,43,Masculino,2132.22,Universitario,Medellín,5
1013,61,Masculino,1746.35,Técnico,Medellín,3
1014,42,Otro,2863.21,Posgrado,Barranquilla,3
1015,34,Otro,2749.36,Posgrado,Medellín,3
1016,30,Masculino,2140.99,Universitario,Cartagena,2
1017,37,Otro,1932.5,Tecnólogo,Bogotá,3
1018,42,Masculino,4000.94,Posgrado,Barranquilla,3
1019,21,Femenino,995.65,Tecnólogo,Bucaramanga,2
1020,27,Femenino,2894.54,Tecnólogo,Medellín,2
1021,20,Otro,3533.12,Tecnólogo,Bogotá,5
1022,58,Masculino,-209.45,Primaria,Cali,4
1023,62,Masculino,3135.31,Técnico,Medellín,1
1024,35,Otro,2323.8,Técnico,Bogotá,1
1025,64,Masculino,2704.84,Posgrado,Cartagena,3
1026,53,Femenino,2241.41,Posgrado,Cali,5
1027,64,Otro,3360.31,Tecnólogo,Cartagena,3
1028,39,Otro,2790.5,Primaria,Bucaramanga,1
1029,51,Masculino,2605.38,Tecnólogo,Bogotá,2
1030,64,Otro,1780.91,Primaria,Cartagena,4
1031,25,Masculino,4005.83,Tecnólogo,Bucaramanga,5
1032,57,Masculino,2507.94,Secundaria,Bogotá,2
1033,66,Masculino,4331.84,Secundaria,Bogotá,4
1034,61,Masculino,4042.06,Universitario,Cartagena,5
1035,36,Masculino,1077.32,Tecnólogo,Bogotá,5
1036,59,Otro,1976.04,Posgrado,Medellín,1
1037,58,Femenino,1670.44,Técnico,Bogotá,2
1038,54,Femenino,2461.44,Universitario,Barranquilla,5
1039,23,Otro,2649.73,Posgrado,Bucaramanga,5
1040,69,Otro,2683.94,Secundaria,Bogotá,4
1041,43,Femenino,3343.3,Tecnólogo,Barranquilla,1
1042,51,Femenino,3694.87,Universitario,Bogotá,3
1043,62,Femenino,3273.99,Tecnólogo,Bogotá,1
1044,23,Femenino,2051.25,Secundaria,Cartagena,3
1045,54,Femenino,1874.38,Universitario,Medellín,2
1046,50,Masculino,2502.21,Secundaria,Bucaramanga,2
1047,39,Otro,2840.9,Primaria,Medellín,5
1048,38,Masculino,2353.45,Secundaria,Cali,2
1049,23,Femenino,1423.61,Tecnólogo,Cartagena,5
1050,23,Femenino,3045.65,Técnico,Cartagena,1
1051,65,Femenino,2186.15,Secundaria,Medellín,2
1052,21,Masculino,2161.99,Posgrado,Cartagena,1
1053,47,Masculino,2456.31,Técnico,Medellín,1
1054,28,Femenino,2308.08,Primaria,Cartagena,2
1055,47,Masculino,2206.8,Universitario,Bogotá,1
1056,48,Masculino,1475.9,Universitario,Medellín,2
1057,41,Femenino,2410.2,Técnico,Medellín,2
1058,26,Masculino,3062.36,Universitario,Barranquilla,2
1059,20,Otro,2711.72,Secundaria,Cartagena,3
1060,68,Otro,3258.5,Técnico,Cartagena,1
1061,48,Otro,1917.16,Tecnólogo,Medellín,4
1062,57,Otro,1477.55,Secundaria,Bogotá,2
1063,54,Femenino,2303.32,Secundaria,Bogotá,1
1064,53,Femenino,2008.61,Secundaria,Bucaramanga,5
1065,41,Femenino,2091.73,Tecnólogo,Bogotá,2
1066,48,Otro,2669.4,Primaria,Cartagena,2
1067,23,Otro,2097.54,Posgrado,Barranquilla,4
1068,19,Masculino,1499.95,Universitario,Medellín,3
1069,37,Masculino,2052.8,Técnico,Cali,3
1070,45,Otro,2772.05,Primaria,Barranquilla,2
1071,28,Otro,3037.18,Técnico,Cali,1
1072,21,Otro,3029.14,Universitario,Barranquilla,5
1073,32,Otro,2839.58,Tecnólogo,Bogotá,5
1074,23,Masculino,2365.53,Secundaria,Cartagena,1
1075,66,Otro,2823.93,Secundaria,Cali,2
1076,47,Masculino,2466.13,Tecnólogo,Barranquilla,5
1077,55,Otro,2590.48,Primaria,Cartagena,3
1078,68,Otro,1748.54,Primaria,Cali,1
1079,19,Otro,2535.1,Técnico,Medellín,4
1080,32,Masculino,2802.93,Tecnólogo,Barranquilla,2
1081,28,Masculino,2772.9,Primaria,Medellín,1
1082,25,Femenino,1469.98,Tecnólogo,Bogotá,5
1083,43,Otro,2577.01,Universitario,Medellín,2
1084,68,Femenino,1344.89,Secundaria,Medellín,3
1085,62,Femenino,2638.94,Secundaria,Bucaramanga,2
1086,61,Masculino,1938.93,Secundaria,Barranquilla,2
1087,22,Masculino,3864.51,Tecnólogo,Bogotá,3
1088,23,Femenino,2595.39,Tecnólogo,Medellín,3
1089,43,Otro,3140.93,Técnico,Cartagena,2
1090,21,Masculino,4188.7,Secundaria,Cali,3
1091,36,Otro,1846.08,Técnico,Medellín,1
1092,37,Otro,2848.54,Secundaria,Bogotá,3
1093,50,Femenino,1551.27,Técnico,Medellín,3
1094,37,Femenino,2775.92,Técnico,Cali,2
1095,66,Femenino,3912.57,Universitario,Bogotá,1
1096,29,Femenino,1997.69,Técnico,Barranquilla,4
1097,64,Masculino,1791.24,Tecnólogo,Bogotá,4
1098,18,Masculino,2427.06,Técnico,Barranquilla,5
1099,43,Femenino,4136.65,Secundaria,Bogotá,3
1100,31,Masculino,3116.83,Técnico,Cali,3
1101,55,Femenino,1776.07,Primaria,Cali,1
1102,54,Otro,3664.05,Posgrado,Bogotá,4
1103,28,Otro,1175.95,Secundaria,Medellín,5
1104,53,Otro,4209.25,Primaria,Cali,1
1105,30,Femenino,3185.16,Secundaria,Barranquilla,3
1106,60,Otro,3910.85,Tecnólogo,Barranquilla,4
1107,20,Masculino,1181.76,Posgrado,Cartagena,5
1108,50,Otro,2635.55,Posgrado,Bucaramanga,2
1109,23,Otro,2392.89,Tecnólogo,Bucaramanga,4
1110,67,Otro,1694.42,Posgrado,Bucaramanga,5
1111,27,Masculino,1463.18,Tecnólogo,Barranquilla,1
1112,22,Femenino,2905.67,Primaria,Cartagena,2
1113,40,Masculino,2978.19,Universitario,Bucaramanga,5
1114,27,Femenino,3539.98,Secundaria,Bucaramanga,5
1115,61,Femenino,2097.26,Tecnólogo,Bogotá,3
1116,19,Otro,2386.71,Secundaria,Bogotá,4
1117,30,Femenino,1394.03,Primaria,Bogotá,3
1118,57,Masculino,3732.63,Universitario,Medellín,2
1119,19,Masculino,2555.64,Primaria,Bucaramanga,5
1120,37,Femenino,3078.07,Posgrado,Medellín,3
1121,18,Otro,3106.32,Secundaria,Cartagena,4
1122,54,Otro,3667.29,Universitario,Barranquilla,2
1123,26,Masculino,1834.88,Posgrado,Bucaramanga,1
1124,34,Otro,3058.07,Universitario,Barranquilla,3
1125,26,Femenino,2479.99,Posgrado,Bogotá,2
1126,28,Femenino,4184.54,Primaria,Bucaramanga,1
1127,32,Masculino,1832.51,Tecnólogo,Cali,3
1128,41,Femenino,3437.14,Secundaria,Medellín,2
1129,55,Masculino,2780.27,Técnico,Medellín,2
1130,52,Femenino,2738.28,Técnico,Bucaramanga,3
1131,47,Masculino,2543.22,Primaria,Bogotá,2
1132,48,Otro,3577.33,Secundaria,Medellín,5
1133,66,Femenino,2711.08,Secundaria,Bogotá,3
1134,22,Femenino,1280.47,Primaria,Cartagena,2
1135,61,Masculino,3475.6,Secundaria,Barranquilla,1
1136,67,Masculino,3328.96,Tecnólogo,Cali,1
1137,31,Femenino,2969.71,Primaria,Barranquilla,5
1138,28,Masculino,1597.22,Tecnólogo,Barranquilla,3
1139,26,Femenino,1721.51,Secundaria,Cartagena,2
1140,51,Otro,998.05,Primaria,Medellín,2
1141,29,Masculino,2868.26,Secundaria,Cali,1
1142,52,Femenino,1420.36,Primaria,Medellín,5
1143,52,Otro,1125.0,Secundaria,Bucaramanga,1
1144,18,Otro,3519.99,Tecnólogo,Barranquilla,1
1145,57,Femenino,3114.54,Tecnólogo,Bucaramanga,5
1146,39,Masculino,2233.46,Secundaria,Bogotá,3
1147,46,Femenino,2392.76,Primaria,Barranquilla,2
1148,25,Otro,574.12,Técnico,Medellín,3
1149,28,Femenino,3233.4,Tecnólogo,Barranquilla,4
1150,58,Masculino,1945.81,Tecnólogo,Bogotá,4
1151,54,Otro,2764.23,Posgrado,Cartagena,4
1152,31,Femenino,509.15,Técnico,Bucaramanga,5
1153,47,Masculino,3282.05,Secundaria,Bucaramanga,1
1154,52,Otro,1897.72,Primaria,Medellín,3
1155,38,Masculino,1399.17,Posgrado,Barranquilla,2
1156,54,Otro,2228.32,Secundaria,Medellín,4
1157,22,Femenino,2022.88,Universitario,Cartagena,3
1158,36,Masculino,3359.41,Tecnólogo,Barranquilla,4
1159,31,Otro,2163.68,Universitario,Barranquilla,4
1160,43,Masculino,3590.09,Tecnólogo,Medellín,2
1161,21,Masculino,2764.11,Tecnólogo,Medellín,5
1162,42,Femenino,3215.49,Universitario,Bogotá,1
1163,62,Masculino,2498.27,Universitario,Cartagena,5
1164,59,Otro,3517.65,Secundaria,Bogotá,3
1165,42,Otro,1577.1,Posgrado,Bucaramanga,5
1166,35,Otro,2590.9,Posgrado,Barranquilla,3
1167,57,Otro,2182.85,Universitario,Medellín,3
1168,25,Femenino,3617.3,Secundaria,Barranquilla,1
1169,56,Masculino,3699.23,Posgrado,Barranquilla,2
1170,57,Femenino,2500.34,Secundaria,Cali,1
1171,31,Masculino,1466.79,Secundaria,Bucaramanga,5
1172,49,Masculino,2841.68,Tecnólogo,Cali,3
1173,68,Masculino,1168.31,Posgrado,Barranquilla,4
1174,55,Femenino,3800.91,Posgrado,Medellín,4
1175,50,Masculino,2121.46,Tecnólogo,Barranquilla,3
1176,40,Femenino,2475.54,Universitario,Bucaramanga,1
1177,32,Otro,1955.24,Tecnólogo,Cali,2
1178,50,Otro,1778.57,Posgrado,Medellín,1
1179,42,Masculino,3089.83,Posgrado,Barranquilla,3
1180,34,Femenino,2373.11,Universitario,Cartagena,3
1181,50,Otro,2533.99,Tecnólogo,Bucaramanga,2
1182,64,Femenino,1696.89,Primaria,Bucaramanga,5
1183,19,Femenino,3184.85,Primaria,Cartagena,5
1184,31,Masculino,3266.23,Universitario,Barranquilla,2
1185,57,Otro,2332.86,Tecnólogo,Bucaramanga,5
1186,57,Masculino,3514.34,Tecnólogo,Medellín,4
1187,68,Masculino,2416.7,Secundaria,Barranquilla,5
1188,56,Otro,3123.8,Posgrado,Barranquilla,5
1189,68,Otro,1201.66,Técnico,Cali,5
1190,23,Femenino,2782.74,Universitario,Bucaramanga,4
1191,23,Otro,2282.81,Técnico,Bucaramanga,5
1192,20,Femenino,2624.42,Técnico,Cartagena,4
1193,24,Femenino,2588.55,Universitario,Cali,2
1194,68,Femenino,2600.56,Tecnólogo,Cali,1
1195,25,Otro,2992.56,Universitario,Bucaramanga,2
1196,59,Masculino,2047.86,Técnico,Barranquilla,1
1197,69,Femenino,2955.26,Posgrado,Cali,2
1198,32,Masculino,3486.02,Posgrado,Cartagena,1
1199,64,Masculino,1371.89,Posgrado,Cali,1
1200,46,Otro,1875.57,Tecnólogo,Cartagena,3
1201,50,Masculino,1909.17,Primaria,Cali,1
1202,69,Masculino,1626.36,Universitario,Cartagena,1
1203,47,Otro,2120.24,Posgrado,Cali,3
1204,56,Femenino,3326.49,Universitario,Cali,5
1205,44,Masculino,3658.07,Posgrado,Medellín,5
1206,53,Otro,2584.94,Tecnólogo,Cartagena,3
1207,46,Masculino,2240.61,Primaria,Cartagena,4
1208,55,Masculino,3142.34,Primaria,Cartagena,1
1209,50,Femenino,608.83,Posgrado,Bogotá,1
1210,54,Masculino,1655.86,Tecnólogo,Cali,3
1211,44,Otro,642.7,Secundaria,Cartagena,3
1212,50,Masculino,1647.44,Universitario,Bucaramanga,4
1213,21,Femenino,1886.39,Universitario,Bogotá,5
1214,39,Femenino,3682.15,Técnico,Medellín,2
1215,19,Otro,291.15,Tecnólogo,Cartagena,5
1216,27,Femenino,2166.64,Técnico,Cartagena,1
1217,22,Masculino,2995.65,Posgrado,Bogotá,3
1218,27,Femenino,2828.58,Técnico,Cali,4
1219,50,Otro,3669.39,Primaria,Bucaramanga,5
1220,55,Femenino,2628.84,Universitario,Medellín,4
1221,30,Femenino,2799.42,Técnico,Cartagena,5
1222,48,Femenino,1029.19,Primaria,Cali,1
1223,64,Otro,1709.38,Tecnólogo,Bucaramanga,2
1224,53,Femenino,1073.84,Técnico,Bucaramanga,4
1225,62,Femenino,2958.09,Posgrado,Medellín,4
1226,41,Masculino,2778.95,Posgrado,Barranquilla,2
1227,69,Otro,2750.83,Posgrado,Bucaramanga,4
1228,32,Femenino,1794.85,Universitario,Barranquilla,4
1229,46,Otro,1721.64,Técnico,Bucaramanga,5
1230,25,Femenino,2667.56,Tecnólogo,Medellín,5
1231,22,Femenino,1964.49,Técnico,Bogotá,2
1232,46,Femenino,1683.68,Universitario,Medellín,1
1233,64,Masculino,2093.29,Primaria,Medellín,4
1234,21,Masculino,1971.41,Universitario,Bogotá,1
1235,29,Masculino,1806.62,Posgrado,Bogotá,2
1236,62,Otro,1519.39,Primaria,Cali,2
1237,19,Otro,2858.95,Posgrado,Bucaramanga,5
1238,44,Masculino,3744.84,Secundaria,Cali,4
1239,48,Otro,2468.8,Universitario,Bogotá,3
1240,68,Femenino,2677.95,Universitario,Barranquilla,2
1241,68,Femenino,2929.1,Tecnólogo,Barranquilla,4
1242,53,Femenino,2793.25,Técnico,Medellín,1
1243,53,Masculino,1822.47,Primaria,Cartagena,5
1244,43,Otro,3875.88,Primaria,Medellín,1
1245,60,Masculino,1894.15,Tecnólogo,Medellín,2
1246,44,Otro,3018.47,Tecnólogo,Cartagena,2
1247,22,Femenino,2924.15,Técnico,Bucaramanga,1
1248,37,Masculino,933.25,Posgrado,Bogotá,2
1249,28,Otro,2212.92,Técnico,Barranquilla,4
1250,27,Otro,2545.3,Universitario,Medellín,2
1251,57,Femenino,2606.52,Posgrado,Cartagena,5
1252,55,Masculino,2741.14,Secundaria,Cali,4
1253,23,Masculino,3106.13,Técnico,Medellín,3
1254,25,Masculino,2493.99,Tecnólogo,Barranquilla,2
1255,40,Femenino,2783.69,Posgrado,Bogotá,2
1256,64,Masculino,2464.04,Técnico,Medellín,5
1257,43,Femenino,1686.13,Primaria,Medellín,5
1258,63,Femenino,2525.92,Secundaria,Bucaramanga,1
1259,60,Femenino,3099.27,Universitario,Cartagena,1
1260,29,Otro,3387.03,Primaria,Cali,1
1261,43,Masculino,2929.85,Primaria,Cali,5
1262,30,Masculino,3567.48,Secundaria,Bogotá,1
1263,57,Femenino,2835.09,Universitario,Barranquilla,1
1264,35,Femenino,3191.1,Tecnólogo,Bogotá,3
1265,42,Masculino,3249.91,Posgrado,Medellín,1
1266,50,Femenino,2321.32,Universitario,Medellín,2
1267,64,Masculino,3080.8,Técnico,Cali,5
1268,57,Otro,1747.48,Primaria,Barranquilla,4
1269,60,Femenino,2779.85,Técnico,Cartagena,3
1270,29,Masculino,2961.62,Tecnólogo,Barranquilla,5
1271,61,Femenino,3340.88,Técnico,Medellín,5
1272,53,Masculino,3156.61,Universitario,Cartagena,2
1273,65,Masculino,3351.29,Técnico,Barranquilla,1
1274,21,Femenino,2420.5,Tecnólogo,Barranquilla,2
1275,22,Otro,2223.69,Tecnólogo,Cartagena,1
1276,54,Masculino,2280.08,Tecnólogo,Medellín,1
1277,25,Masculino,2713.03,Universitario,Barranquilla,5
1278,59,Masculino,1053.0,Tecnólogo,Cartagena,1
1279,66,Otro,3565.41,Primaria,Bucaramanga,3
1280,45,Otro,2535.1,Tecnólogo,Bucaramanga,3
1281,48,Femenino,2168.0,Técnico,Medellín,3
1282,26,Otro,476.23,Posgrado,Cartagena,5
1283,68,Femenino,2470.55,Técnico,Bucaramanga,2
1284,46,Femenino,2341.22,Posgrado,Cartagena,4
1285,31,Otro,1782.36,Técnico,Barranquilla,1
1286,57,Femenino,1961.56,Universitario,Medellín,4
1287,58,Otro,2478.69,Técnico,Bucaramanga,2
1288,39,Femenino,2029.41,Universitario,Barranquilla,2
1289,28,Otro,2957.5,Universitario,Bogotá,5
1290,40,Otro,1900.97,Tecnólogo,Bogotá,3
1291,18,Femenino,2623.69,Primaria,Medellín,3
1292,63,Masculino,3444.04,Posgrado,Bucaramanga,2
1293,54,Femenino,2470.72,Tecnólogo,Bucaramanga,5
1294,38,Otro,2784.78,Tecnólogo,Bucaramanga,5
1295,43,Masculino,2734.12,Universitario,Cartagena,1
1296,63,Femenino,2506.4,Universitario,Barranquilla,3
1297,53,Femenino,2446.39,Posgrado,Bucaramanga,2
1298,40,Femenino,2042.9,Técnico,Barranquilla,4
1299,18,Masculino,2620.81,Técnico,Medellín,3
1300,68,Otro,2273.39,Tecnólogo,Bucaramanga,1
